
> ui@0.0.0 dev <本机用户名>/resumate-worktrees/zj-fwwb-2026/ui
> vite --host 127.0.0.1 --port 5173

2:52:03 PM [vite] (client) Re-optimizing dependencies because vite config has changed

  VITE v8.2.2  ready in 181 ms

  ➜  Local:   http://127.0.0.1:5173/
The request id "<本机用户名>/resumate/node_modules/.pnpm/@fontsource+geist@5.3.0/node_modules/@fontsource/geist/files/geist-latin-400-normal.woff2" is outside of Vite serving allow list.

- <本机用户名>/resumate-worktrees/zj-fwwb-2026
- <本机用户名>/resumate/node_modules/.pnpm/vite@8.2.2_@types+node@24.13.3_esbuild@0.28.2_jiti@2.7.0/node_modules/vite/dist/client

Refer to docs https://vite.dev/config/server-options.html#server-fs-allow for configurations and more details.

The request id "<本机用户名>/resumate/node_modules/.pnpm/@fontsource+geist@5.3.0/node_modules/@fontsource/geist/files/geist-latin-400-normal.woff" is outside of Vite serving allow list.
The request id "<本机用户名>/resumate/node_modules/.pnpm/@fontsource+geist@5.3.0/node_modules/@fontsource/geist/files/geist-latin-700-normal.woff2" is outside of Vite serving allow list.
The request id "<本机用户名>/resumate/node_modules/.pnpm/@fontsource+geist@5.3.0/node_modules/@fontsource/geist/files/geist-latin-700-normal.woff" is outside of Vite serving allow list.
The request id "<本机用户名>/resumate/node_modules/.pnpm/@fontsource+geist@5.3.0/node_modules/@fontsource/geist/files/geist-latin-500-normal.woff2" is outside of Vite serving allow list.
The request id "<本机用户名>/resumate/node_modules/.pnpm/@fontsource+geist@5.3.0/node_modules/@fontsource/geist/files/geist-latin-500-normal.woff" is outside of Vite serving allow list.
The request id "<本机用户名>/resumate/node_modules/.pnpm/@fontsource+geist@5.3.0/node_modules/@fontsource/geist/files/geist-latin-400-normal.woff2" is outside of Vite serving allow list.
The request id "<本机用户名>/resumate/node_modules/.pnpm/@fontsource+geist@5.3.0/node_modules/@fontsource/geist/files/geist-latin-400-normal.woff" is outside of Vite serving allow list.
The request id "<本机用户名>/resumate/node_modules/.pnpm/@fontsource+geist@5.3.0/node_modules/@fontsource/geist/files/geist-latin-700-normal.woff2" is outside of Vite serving allow list.
The request id "<本机用户名>/resumate/node_modules/.pnpm/@fontsource+geist@5.3.0/node_modules/@fontsource/geist/files/geist-latin-700-normal.woff" is outside of Vite serving allow list.
The request id "<本机用户名>/resumate/node_modules/.pnpm/@fontsource+geist@5.3.0/node_modules/@fontsource/geist/files/geist-latin-500-normal.woff2" is outside of Vite serving allow list.
The request id "<本机用户名>/resumate/node_modules/.pnpm/@fontsource+geist@5.3.0/node_modules/@fontsource/geist/files/geist-latin-500-normal.woff" is outside of Vite serving allow list.
The request id "<本机用户名>/resumate/node_modules/.pnpm/@fontsource+geist@5.3.0/node_modules/@fontsource/geist/files/geist-latin-400-normal.woff2" is outside of Vite serving allow list.
The request id "<本机用户名>/resumate/node_modules/.pnpm/@fontsource+geist@5.3.0/node_modules/@fontsource/geist/files/geist-latin-400-normal.woff" is outside of Vite serving allow list.
The request id "<本机用户名>/resumate/node_modules/.pnpm/@fontsource+geist@5.3.0/node_modules/@fontsource/geist/files/geist-latin-700-normal.woff2" is outside of Vite serving allow list.
The request id "<本机用户名>/resumate/node_modules/.pnpm/@fontsource+geist@5.3.0/node_modules/@fontsource/geist/files/geist-latin-700-normal.woff" is outside of Vite serving allow list.
The request id "<本机用户名>/resumate/node_modules/.pnpm/@fontsource+geist@5.3.0/node_modules/@fontsource/geist/files/geist-latin-400-normal.woff2" is outside of Vite serving allow list.
The request id "<本机用户名>/resumate/node_modules/.pnpm/@fontsource+geist@5.3.0/node_modules/@fontsource/geist/files/geist-latin-400-normal.woff" is outside of Vite serving allow list.
The request id "<本机用户名>/resumate/node_modules/.pnpm/@fontsource+geist@5.3.0/node_modules/@fontsource/geist/files/geist-latin-500-normal.woff2" is outside of Vite serving allow list.
The request id "<本机用户名>/resumate/node_modules/.pnpm/@fontsource+geist@5.3.0/node_modules/@fontsource/geist/files/geist-latin-700-normal.woff2" is outside of Vite serving allow list.
The request id "<本机用户名>/resumate/node_modules/.pnpm/@fontsource+geist@5.3.0/node_modules/@fontsource/geist/files/geist-latin-500-normal.woff" is outside of Vite serving allow list.
The request id "<本机用户名>/resumate/node_modules/.pnpm/@fontsource+geist@5.3.0/node_modules/@fontsource/geist/files/geist-latin-700-normal.woff" is outside of Vite serving allow list.
2:54:41 PM [vite] (client) hmr update /src/index.css, /src/App.tsx, /src/pages/profile.tsx, /src/pages/login.tsx, /src/pages/reset-password.tsx, /src/pages/verify-email.tsx, /src/pages/resumes.tsx, /src/pages/resume-editor.tsx, /src/pages/resume-versions.tsx, /src/pages/jds.tsx, /src/pages/jd-detail.tsx, /src/pages/rbac.tsx, /src/pages/templates.tsx, /src/pages/template-editor.tsx, /src/pages/workbench.tsx, /src/components/app-nav.tsx, /src/components/theme-sync.tsx, /src/components/resume-library.tsx and 15 more
2:54:41 PM [vite] (client) hmr invalidate /src/components/profile-assistant.tsx Could not Fast Refresh ("buildConversation" export is incompatible). Learn more at https://github.com/vitejs/vite-plugin-react/tree/main/packages/plugin-react#consistent-components-exports
2:54:41 PM [vite] (client) hmr update /src/components/profile-workspace.tsx
2:54:49 PM [vite] (client) hmr update /src/index.css, /src/App.tsx, /src/pages/profile.tsx, /src/pages/login.tsx, /src/pages/reset-password.tsx, /src/pages/verify-email.tsx, /src/pages/resumes.tsx, /src/pages/resume-editor.tsx, /src/pages/resume-versions.tsx, /src/pages/jds.tsx, /src/pages/jd-detail.tsx, /src/pages/rbac.tsx, /src/pages/templates.tsx, /src/pages/template-editor.tsx, /src/pages/workbench.tsx, /src/components/app-nav.tsx, /src/components/theme-sync.tsx, /src/components/resume-library.tsx and 15 more
2:54:49 PM [vite] (client) hmr update /src/index.css, /src/App.tsx, /src/pages/profile.tsx, /src/pages/login.tsx, /src/pages/reset-password.tsx, /src/pages/verify-email.tsx, /src/pages/resumes.tsx, /src/pages/resume-editor.tsx, /src/pages/resume-versions.tsx, /src/pages/jds.tsx, /src/pages/jd-detail.tsx, /src/pages/rbac.tsx, /src/pages/templates.tsx, /src/pages/template-editor.tsx, /src/pages/workbench.tsx, /src/components/app-nav.tsx, /src/components/theme-sync.tsx, /src/components/resume-library.tsx and 15 more
2:54:49 PM [vite] (client) hmr update /src/index.css, /src/App.tsx, /src/pages/profile.tsx, /src/pages/login.tsx, /src/pages/reset-password.tsx, /src/pages/verify-email.tsx, /src/pages/resumes.tsx, /src/pages/resume-editor.tsx, /src/pages/resume-versions.tsx, /src/pages/jds.tsx, /src/pages/jd-detail.tsx, /src/pages/rbac.tsx, /src/pages/templates.tsx, /src/pages/template-editor.tsx, /src/pages/workbench.tsx, /src/components/app-nav.tsx, /src/components/theme-sync.tsx, /src/components/resume-library.tsx and 15 more
2:54:49 PM [vite] (client) hmr update /src/index.css, /src/App.tsx, /src/pages/profile.tsx, /src/pages/login.tsx, /src/pages/reset-password.tsx, /src/pages/verify-email.tsx, /src/pages/resumes.tsx, /src/pages/resume-editor.tsx, /src/pages/resume-versions.tsx, /src/pages/jds.tsx, /src/pages/jd-detail.tsx, /src/pages/rbac.tsx, /src/pages/templates.tsx, /src/pages/template-editor.tsx, /src/pages/workbench.tsx, /src/components/app-nav.tsx, /src/components/theme-sync.tsx, /src/components/resume-library.tsx and 15 more
2:54:50 PM [vite] (client) hmr update /src/index.css, /src/App.tsx, /src/pages/profile.tsx, /src/pages/login.tsx, /src/pages/reset-password.tsx, /src/pages/verify-email.tsx, /src/pages/resumes.tsx, /src/pages/resume-editor.tsx, /src/pages/resume-versions.tsx, /src/pages/jds.tsx, /src/pages/jd-detail.tsx, /src/pages/rbac.tsx, /src/pages/templates.tsx, /src/pages/template-editor.tsx, /src/pages/workbench.tsx, /src/components/app-nav.tsx, /src/components/theme-sync.tsx, /src/components/resume-library.tsx and 15 more
2:54:50 PM [vite] (client) hmr invalidate /src/components/profile-assistant.tsx Could not Fast Refresh ("buildConversation" export is incompatible). Learn more at https://github.com/vitejs/vite-plugin-react/tree/main/packages/plugin-react#consistent-components-exports
2:54:50 PM [vite] (client) hmr update /src/components/profile-workspace.tsx
2:55:30 PM [vite] (client) hmr update /src/index.css, /src/App.tsx, /src/pages/profile.tsx, /src/pages/login.tsx, /src/pages/reset-password.tsx, /src/pages/verify-email.tsx, /src/pages/resumes.tsx, /src/pages/resume-editor.tsx, /src/pages/resume-versions.tsx, /src/pages/jds.tsx, /src/pages/jd-detail.tsx, /src/pages/rbac.tsx, /src/pages/templates.tsx, /src/pages/template-editor.tsx, /src/pages/workbench.tsx, /src/components/app-nav.tsx, /src/components/theme-sync.tsx, /src/components/resume-library.tsx and 15 more
2:55:30 PM [vite] (client) hmr update /src/index.css, /src/App.tsx, /src/pages/profile.tsx, /src/pages/login.tsx, /src/pages/reset-password.tsx, /src/pages/verify-email.tsx, /src/pages/resumes.tsx, /src/pages/resume-editor.tsx, /src/pages/resume-versions.tsx, /src/pages/jds.tsx, /src/pages/jd-detail.tsx, /src/pages/rbac.tsx, /src/pages/templates.tsx, /src/pages/template-editor.tsx, /src/pages/workbench.tsx, /src/components/app-nav.tsx, /src/components/theme-sync.tsx, /src/components/resume-library.tsx and 15 more
2:55:47 PM [vite] (client) hmr update /src/App.tsx, /src/index.css
2:55:47 PM [vite] (client) hmr update /src/App.tsx, /src/index.css
2:55:47 PM [vite] (client) hmr update /src/index.css, /src/components/app-nav.tsx
The request id "<本机用户名>/resumate/node_modules/.pnpm/@fontsource+geist@5.3.0/node_modules/@fontsource/geist/files/geist-latin-400-normal.woff2" is outside of Vite serving allow list.
The request id "<本机用户名>/resumate/node_modules/.pnpm/@fontsource+geist@5.3.0/node_modules/@fontsource/geist/files/geist-latin-400-normal.woff" is outside of Vite serving allow list.
The request id "<本机用户名>/resumate/node_modules/.pnpm/@fontsource+geist@5.3.0/node_modules/@fontsource/geist/files/geist-latin-700-normal.woff2" is outside of Vite serving allow list.
The request id "<本机用户名>/resumate/node_modules/.pnpm/@fontsource+geist@5.3.0/node_modules/@fontsource/geist/files/geist-latin-700-normal.woff" is outside of Vite serving allow list.
The request id "<本机用户名>/resumate/node_modules/.pnpm/@fontsource+geist@5.3.0/node_modules/@fontsource/geist/files/geist-latin-400-normal.woff2" is outside of Vite serving allow list.
The request id "<本机用户名>/resumate/node_modules/.pnpm/@fontsource+geist@5.3.0/node_modules/@fontsource/geist/files/geist-latin-400-normal.woff" is outside of Vite serving allow list.
The request id "<本机用户名>/resumate/node_modules/.pnpm/@fontsource+geist@5.3.0/node_modules/@fontsource/geist/files/geist-latin-500-normal.woff2" is outside of Vite serving allow list.
The request id "<本机用户名>/resumate/node_modules/.pnpm/@fontsource+geist@5.3.0/node_modules/@fontsource/geist/files/geist-latin-700-normal.woff2" is outside of Vite serving allow list.
The request id "<本机用户名>/resumate/node_modules/.pnpm/@fontsource+geist@5.3.0/node_modules/@fontsource/geist/files/geist-latin-500-normal.woff" is outside of Vite serving allow list.
The request id "<本机用户名>/resumate/node_modules/.pnpm/@fontsource+geist@5.3.0/node_modules/@fontsource/geist/files/geist-latin-700-normal.woff" is outside of Vite serving allow list.
The request id "<本机用户名>/resumate/node_modules/.pnpm/@fontsource+geist@5.3.0/node_modules/@fontsource/geist/files/geist-latin-400-normal.woff2" is outside of Vite serving allow list.
The request id "<本机用户名>/resumate/node_modules/.pnpm/@fontsource+geist@5.3.0/node_modules/@fontsource/geist/files/geist-latin-400-normal.woff" is outside of Vite serving allow list.
The request id "<本机用户名>/resumate/node_modules/.pnpm/@fontsource+geist@5.3.0/node_modules/@fontsource/geist/files/geist-latin-500-normal.woff2" is outside of Vite serving allow list.
The request id "<本机用户名>/resumate/node_modules/.pnpm/@fontsource+geist@5.3.0/node_modules/@fontsource/geist/files/geist-latin-700-normal.woff2" is outside of Vite serving allow list.
The request id "<本机用户名>/resumate/node_modules/.pnpm/@fontsource+geist@5.3.0/node_modules/@fontsource/geist/files/geist-latin-500-normal.woff" is outside of Vite serving allow list.
The request id "<本机用户名>/resumate/node_modules/.pnpm/@fontsource+geist@5.3.0/node_modules/@fontsource/geist/files/geist-latin-700-normal.woff" is outside of Vite serving allow list.
The request id "<本机用户名>/resumate/node_modules/.pnpm/@fontsource+geist@5.3.0/node_modules/@fontsource/geist/files/geist-latin-400-normal.woff2" is outside of Vite serving allow list.
The request id "<本机用户名>/resumate/node_modules/.pnpm/@fontsource+geist@5.3.0/node_modules/@fontsource/geist/files/geist-latin-400-normal.woff" is outside of Vite serving allow list.
The request id "<本机用户名>/resumate/node_modules/.pnpm/@fontsource+geist@5.3.0/node_modules/@fontsource/geist/files/geist-latin-700-normal.woff2" is outside of Vite serving allow list.
The request id "<本机用户名>/resumate/node_modules/.pnpm/@fontsource+geist@5.3.0/node_modules/@fontsource/geist/files/geist-latin-700-normal.woff" is outside of Vite serving allow list.
The request id "<本机用户名>/resumate/node_modules/.pnpm/@fontsource+geist@5.3.0/node_modules/@fontsource/geist/files/geist-latin-500-normal.woff2" is outside of Vite serving allow list.
The request id "<本机用户名>/resumate/node_modules/.pnpm/@fontsource+geist@5.3.0/node_modules/@fontsource/geist/files/geist-latin-500-normal.woff" is outside of Vite serving allow list.
The request id "<本机用户名>/resumate/node_modules/.pnpm/@fontsource+geist@5.3.0/node_modules/@fontsource/geist/files/geist-latin-400-normal.woff2" is outside of Vite serving allow list.
The request id "<本机用户名>/resumate/node_modules/.pnpm/@fontsource+geist@5.3.0/node_modules/@fontsource/geist/files/geist-latin-400-normal.woff" is outside of Vite serving allow list.
The request id "<本机用户名>/resumate/node_modules/.pnpm/@fontsource+geist@5.3.0/node_modules/@fontsource/geist/files/geist-latin-500-normal.woff2" is outside of Vite serving allow list.
The request id "<本机用户名>/resumate/node_modules/.pnpm/@fontsource+geist@5.3.0/node_modules/@fontsource/geist/files/geist-latin-700-normal.woff2" is outside of Vite serving allow list.
The request id "<本机用户名>/resumate/node_modules/.pnpm/@fontsource+geist@5.3.0/node_modules/@fontsource/geist/files/geist-latin-500-normal.woff" is outside of Vite serving allow list.
The request id "<本机用户名>/resumate/node_modules/.pnpm/@fontsource+geist@5.3.0/node_modules/@fontsource/geist/files/geist-latin-700-normal.woff" is outside of Vite serving allow list.
The request id "<本机用户名>/resumate/node_modules/.pnpm/@fontsource+geist@5.3.0/node_modules/@fontsource/geist/files/geist-latin-400-normal.woff2" is outside of Vite serving allow list.
The request id "<本机用户名>/resumate/node_modules/.pnpm/@fontsource+geist@5.3.0/node_modules/@fontsource/geist/files/geist-latin-400-normal.woff" is outside of Vite serving allow list.
The request id "<本机用户名>/resumate/node_modules/.pnpm/@fontsource+geist@5.3.0/node_modules/@fontsource/geist/files/geist-latin-700-normal.woff2" is outside of Vite serving allow list.
The request id "<本机用户名>/resumate/node_modules/.pnpm/@fontsource+geist@5.3.0/node_modules/@fontsource/geist/files/geist-latin-700-normal.woff" is outside of Vite serving allow list.
The request id "<本机用户名>/resumate/node_modules/.pnpm/@fontsource+geist@5.3.0/node_modules/@fontsource/geist/files/geist-latin-400-normal.woff2" is outside of Vite serving allow list.
The request id "<本机用户名>/resumate/node_modules/.pnpm/@fontsource+geist@5.3.0/node_modules/@fontsource/geist/files/geist-latin-400-normal.woff" is outside of Vite serving allow list.
The request id "<本机用户名>/resumate/node_modules/.pnpm/@fontsource+geist@5.3.0/node_modules/@fontsource/geist/files/geist-latin-500-normal.woff2" is outside of Vite serving allow list.
The request id "<本机用户名>/resumate/node_modules/.pnpm/@fontsource+geist@5.3.0/node_modules/@fontsource/geist/files/geist-latin-700-normal.woff2" is outside of Vite serving allow list.
The request id "<本机用户名>/resumate/node_modules/.pnpm/@fontsource+geist@5.3.0/node_modules/@fontsource/geist/files/geist-latin-500-normal.woff" is outside of Vite serving allow list.
The request id "<本机用户名>/resumate/node_modules/.pnpm/@fontsource+geist@5.3.0/node_modules/@fontsource/geist/files/geist-latin-700-normal.woff" is outside of Vite serving allow list.
The request id "<本机用户名>/resumate/node_modules/.pnpm/@fontsource+geist@5.3.0/node_modules/@fontsource/geist/files/geist-latin-400-normal.woff2" is outside of Vite serving allow list.
The request id "<本机用户名>/resumate/node_modules/.pnpm/@fontsource+geist@5.3.0/node_modules/@fontsource/geist/files/geist-latin-400-normal.woff" is outside of Vite serving allow list.
The request id "<本机用户名>/resumate/node_modules/.pnpm/@fontsource+geist@5.3.0/node_modules/@fontsource/geist/files/geist-latin-500-normal.woff2" is outside of Vite serving allow list.
The request id "<本机用户名>/resumate/node_modules/.pnpm/@fontsource+geist@5.3.0/node_modules/@fontsource/geist/files/geist-latin-700-normal.woff2" is outside of Vite serving allow list.
The request id "<本机用户名>/resumate/node_modules/.pnpm/@fontsource+geist@5.3.0/node_modules/@fontsource/geist/files/geist-latin-500-normal.woff" is outside of Vite serving allow list.
The request id "<本机用户名>/resumate/node_modules/.pnpm/@fontsource+geist@5.3.0/node_modules/@fontsource/geist/files/geist-latin-700-normal.woff" is outside of Vite serving allow list.
2:56:28 PM [vite] (client) hmr update /src/index.css, /src/pages/interview.tsx
2:56:28 PM [vite] (client) hmr update /src/index.css, /src/pages/interview-session.tsx
The request id "<本机用户名>/resumate/node_modules/.pnpm/@fontsource+geist@5.3.0/node_modules/@fontsource/geist/files/geist-latin-400-normal.woff2" is outside of Vite serving allow list.
The request id "<本机用户名>/resumate/node_modules/.pnpm/@fontsource+geist@5.3.0/node_modules/@fontsource/geist/files/geist-latin-400-normal.woff" is outside of Vite serving allow list.
The request id "<本机用户名>/resumate/node_modules/.pnpm/@fontsource+geist@5.3.0/node_modules/@fontsource/geist/files/geist-latin-500-normal.woff2" is outside of Vite serving allow list.
The request id "<本机用户名>/resumate/node_modules/.pnpm/@fontsource+geist@5.3.0/node_modules/@fontsource/geist/files/geist-latin-700-normal.woff2" is outside of Vite serving allow list.
The request id "<本机用户名>/resumate/node_modules/.pnpm/@fontsource+geist@5.3.0/node_modules/@fontsource/geist/files/geist-latin-500-normal.woff" is outside of Vite serving allow list.
The request id "<本机用户名>/resumate/node_modules/.pnpm/@fontsource+geist@5.3.0/node_modules/@fontsource/geist/files/geist-latin-700-normal.woff" is outside of Vite serving allow list.
The request id "<本机用户名>/resumate/node_modules/.pnpm/@fontsource+geist@5.3.0/node_modules/@fontsource/geist/files/geist-latin-400-normal.woff2" is outside of Vite serving allow list.
The request id "<本机用户名>/resumate/node_modules/.pnpm/@fontsource+geist@5.3.0/node_modules/@fontsource/geist/files/geist-latin-400-normal.woff" is outside of Vite serving allow list.
The request id "<本机用户名>/resumate/node_modules/.pnpm/@fontsource+geist@5.3.0/node_modules/@fontsource/geist/files/geist-latin-500-normal.woff2" is outside of Vite serving allow list.
The request id "<本机用户名>/resumate/node_modules/.pnpm/@fontsource+geist@5.3.0/node_modules/@fontsource/geist/files/geist-latin-700-normal.woff2" is outside of Vite serving allow list.
The request id "<本机用户名>/resumate/node_modules/.pnpm/@fontsource+geist@5.3.0/node_modules/@fontsource/geist/files/geist-latin-500-normal.woff" is outside of Vite serving allow list.
The request id "<本机用户名>/resumate/node_modules/.pnpm/@fontsource+geist@5.3.0/node_modules/@fontsource/geist/files/geist-latin-700-normal.woff" is outside of Vite serving allow list.
The request id "<本机用户名>/resumate/node_modules/.pnpm/@fontsource+geist@5.3.0/node_modules/@fontsource/geist/files/geist-latin-400-normal.woff2" is outside of Vite serving allow list.
The request id "<本机用户名>/resumate/node_modules/.pnpm/@fontsource+geist@5.3.0/node_modules/@fontsource/geist/files/geist-latin-400-normal.woff" is outside of Vite serving allow list.
The request id "<本机用户名>/resumate/node_modules/.pnpm/@fontsource+geist@5.3.0/node_modules/@fontsource/geist/files/geist-latin-500-normal.woff2" is outside of Vite serving allow list.
The request id "<本机用户名>/resumate/node_modules/.pnpm/@fontsource+geist@5.3.0/node_modules/@fontsource/geist/files/geist-latin-700-normal.woff2" is outside of Vite serving allow list.
The request id "<本机用户名>/resumate/node_modules/.pnpm/@fontsource+geist@5.3.0/node_modules/@fontsource/geist/files/geist-latin-500-normal.woff" is outside of Vite serving allow list.
The request id "<本机用户名>/resumate/node_modules/.pnpm/@fontsource+geist@5.3.0/node_modules/@fontsource/geist/files/geist-latin-700-normal.woff" is outside of Vite serving allow list.
The request id "<本机用户名>/resumate/node_modules/.pnpm/@fontsource+geist@5.3.0/node_modules/@fontsource/geist/files/geist-latin-400-normal.woff2" is outside of Vite serving allow list.
The request id "<本机用户名>/resumate/node_modules/.pnpm/@fontsource+geist@5.3.0/node_modules/@fontsource/geist/files/geist-latin-400-normal.woff" is outside of Vite serving allow list.
The request id "<本机用户名>/resumate/node_modules/.pnpm/@fontsource+geist@5.3.0/node_modules/@fontsource/geist/files/geist-latin-700-normal.woff2" is outside of Vite serving allow list.
The request id "<本机用户名>/resumate/node_modules/.pnpm/@fontsource+geist@5.3.0/node_modules/@fontsource/geist/files/geist-latin-700-normal.woff" is outside of Vite serving allow list.
The request id "<本机用户名>/resumate/node_modules/.pnpm/@fontsource+geist@5.3.0/node_modules/@fontsource/geist/files/geist-latin-400-normal.woff2" is outside of Vite serving allow list.
The request id "<本机用户名>/resumate/node_modules/.pnpm/@fontsource+geist@5.3.0/node_modules/@fontsource/geist/files/geist-latin-400-normal.woff" is outside of Vite serving allow list.
The request id "<本机用户名>/resumate/node_modules/.pnpm/@fontsource+geist@5.3.0/node_modules/@fontsource/geist/files/geist-latin-700-normal.woff2" is outside of Vite serving allow list.
The request id "<本机用户名>/resumate/node_modules/.pnpm/@fontsource+geist@5.3.0/node_modules/@fontsource/geist/files/geist-latin-700-normal.woff" is outside of Vite serving allow list.
The request id "<本机用户名>/resumate/node_modules/.pnpm/@fontsource+geist@5.3.0/node_modules/@fontsource/geist/files/geist-latin-500-normal.woff2" is outside of Vite serving allow list.
The request id "<本机用户名>/resumate/node_modules/.pnpm/@fontsource+geist@5.3.0/node_modules/@fontsource/geist/files/geist-latin-500-normal.woff" is outside of Vite serving allow list.
The request id "<本机用户名>/resumate/node_modules/.pnpm/@fontsource+geist@5.3.0/node_modules/@fontsource/geist/files/geist-latin-400-normal.woff2" is outside of Vite serving allow list.
The request id "<本机用户名>/resumate/node_modules/.pnpm/@fontsource+geist@5.3.0/node_modules/@fontsource/geist/files/geist-latin-400-normal.woff" is outside of Vite serving allow list.
The request id "<本机用户名>/resumate/node_modules/.pnpm/@fontsource+geist@5.3.0/node_modules/@fontsource/geist/files/geist-latin-500-normal.woff2" is outside of Vite serving allow list.
The request id "<本机用户名>/resumate/node_modules/.pnpm/@fontsource+geist@5.3.0/node_modules/@fontsource/geist/files/geist-latin-700-normal.woff2" is outside of Vite serving allow list.
The request id "<本机用户名>/resumate/node_modules/.pnpm/@fontsource+geist@5.3.0/node_modules/@fontsource/geist/files/geist-latin-500-normal.woff" is outside of Vite serving allow list.
The request id "<本机用户名>/resumate/node_modules/.pnpm/@fontsource+geist@5.3.0/node_modules/@fontsource/geist/files/geist-latin-700-normal.woff" is outside of Vite serving allow list.
The request id "<本机用户名>/resumate/node_modules/.pnpm/@fontsource+geist@5.3.0/node_modules/@fontsource/geist/files/geist-latin-400-normal.woff2" is outside of Vite serving allow list.
The request id "<本机用户名>/resumate/node_modules/.pnpm/@fontsource+geist@5.3.0/node_modules/@fontsource/geist/files/geist-latin-400-normal.woff" is outside of Vite serving allow list.
The request id "<本机用户名>/resumate/node_modules/.pnpm/@fontsource+geist@5.3.0/node_modules/@fontsource/geist/files/geist-latin-500-normal.woff2" is outside of Vite serving allow list.
The request id "<本机用户名>/resumate/node_modules/.pnpm/@fontsource+geist@5.3.0/node_modules/@fontsource/geist/files/geist-latin-700-normal.woff2" is outside of Vite serving allow list.
The request id "<本机用户名>/resumate/node_modules/.pnpm/@fontsource+geist@5.3.0/node_modules/@fontsource/geist/files/geist-latin-500-normal.woff" is outside of Vite serving allow list.
The request id "<本机用户名>/resumate/node_modules/.pnpm/@fontsource+geist@5.3.0/node_modules/@fontsource/geist/files/geist-latin-700-normal.woff" is outside of Vite serving allow list.
The request id "<本机用户名>/resumate/node_modules/.pnpm/@fontsource+geist@5.3.0/node_modules/@fontsource/geist/files/geist-latin-400-normal.woff2" is outside of Vite serving allow list.
The request id "<本机用户名>/resumate/node_modules/.pnpm/@fontsource+geist@5.3.0/node_modules/@fontsource/geist/files/geist-latin-400-normal.woff" is outside of Vite serving allow list.
The request id "<本机用户名>/resumate/node_modules/.pnpm/@fontsource+geist@5.3.0/node_modules/@fontsource/geist/files/geist-latin-400-normal.woff2" is outside of Vite serving allow list.
The request id "<本机用户名>/resumate/node_modules/.pnpm/@fontsource+geist@5.3.0/node_modules/@fontsource/geist/files/geist-latin-400-normal.woff" is outside of Vite serving allow list.
The request id "<本机用户名>/resumate/node_modules/.pnpm/@fontsource+geist@5.3.0/node_modules/@fontsource/geist/files/geist-latin-700-normal.woff2" is outside of Vite serving allow list.
The request id "<本机用户名>/resumate/node_modules/.pnpm/@fontsource+geist@5.3.0/node_modules/@fontsource/geist/files/geist-latin-700-normal.woff" is outside of Vite serving allow list.
The request id "<本机用户名>/resumate/node_modules/.pnpm/@fontsource+geist@5.3.0/node_modules/@fontsource/geist/files/geist-latin-700-normal.woff2" is outside of Vite serving allow list.
The request id "<本机用户名>/resumate/node_modules/.pnpm/@fontsource+geist@5.3.0/node_modules/@fontsource/geist/files/geist-latin-700-normal.woff" is outside of Vite serving allow list.
The request id "<本机用户名>/resumate/node_modules/.pnpm/@fontsource+geist@5.3.0/node_modules/@fontsource/geist/files/geist-latin-500-normal.woff2" is outside of Vite serving allow list.
The request id "<本机用户名>/resumate/node_modules/.pnpm/@fontsource+geist@5.3.0/node_modules/@fontsource/geist/files/geist-latin-500-normal.woff" is outside of Vite serving allow list.
The request id "<本机用户名>/resumate/node_modules/.pnpm/@fontsource+geist@5.3.0/node_modules/@fontsource/geist/files/geist-latin-500-normal.woff2" is outside of Vite serving allow list.
The request id "<本机用户名>/resumate/node_modules/.pnpm/@fontsource+geist@5.3.0/node_modules/@fontsource/geist/files/geist-latin-500-normal.woff" is outside of Vite serving allow list.
The request id "<本机用户名>/resumate/node_modules/.pnpm/@fontsource+geist@5.3.0/node_modules/@fontsource/geist/files/geist-latin-400-normal.woff2" is outside of Vite serving allow list.
The request id "<本机用户名>/resumate/node_modules/.pnpm/@fontsource+geist@5.3.0/node_modules/@fontsource/geist/files/geist-latin-400-normal.woff" is outside of Vite serving allow list.
The request id "<本机用户名>/resumate/node_modules/.pnpm/@fontsource+geist@5.3.0/node_modules/@fontsource/geist/files/geist-latin-500-normal.woff2" is outside of Vite serving allow list.
The request id "<本机用户名>/resumate/node_modules/.pnpm/@fontsource+geist@5.3.0/node_modules/@fontsource/geist/files/geist-latin-500-normal.woff" is outside of Vite serving allow list.
The request id "<本机用户名>/resumate/node_modules/.pnpm/@fontsource+geist@5.3.0/node_modules/@fontsource/geist/files/geist-latin-700-normal.woff2" is outside of Vite serving allow list.
The request id "<本机用户名>/resumate/node_modules/.pnpm/@fontsource+geist@5.3.0/node_modules/@fontsource/geist/files/geist-latin-700-normal.woff" is outside of Vite serving allow list.
The request id "<本机用户名>/resumate/node_modules/.pnpm/@fontsource+geist@5.3.0/node_modules/@fontsource/geist/files/geist-latin-400-normal.woff2" is outside of Vite serving allow list.
The request id "<本机用户名>/resumate/node_modules/.pnpm/@fontsource+geist@5.3.0/node_modules/@fontsource/geist/files/geist-latin-400-normal.woff2" is outside of Vite serving allow list.
The request id "<本机用户名>/resumate/node_modules/.pnpm/@fontsource+geist@5.3.0/node_modules/@fontsource/geist/files/geist-latin-400-normal.woff" is outside of Vite serving allow list.
The request id "<本机用户名>/resumate/node_modules/.pnpm/@fontsource+geist@5.3.0/node_modules/@fontsource/geist/files/geist-latin-400-normal.woff" is outside of Vite serving allow list.
The request id "<本机用户名>/resumate/node_modules/.pnpm/@fontsource+geist@5.3.0/node_modules/@fontsource/geist/files/geist-latin-500-normal.woff2" is outside of Vite serving allow list.
The request id "<本机用户名>/resumate/node_modules/.pnpm/@fontsource+geist@5.3.0/node_modules/@fontsource/geist/files/geist-latin-500-normal.woff2" is outside of Vite serving allow list.
The request id "<本机用户名>/resumate/node_modules/.pnpm/@fontsource+geist@5.3.0/node_modules/@fontsource/geist/files/geist-latin-700-normal.woff2" is outside of Vite serving allow list.
The request id "<本机用户名>/resumate/node_modules/.pnpm/@fontsource+geist@5.3.0/node_modules/@fontsource/geist/files/geist-latin-500-normal.woff" is outside of Vite serving allow list.
The request id "<本机用户名>/resumate/node_modules/.pnpm/@fontsource+geist@5.3.0/node_modules/@fontsource/geist/files/geist-latin-700-normal.woff2" is outside of Vite serving allow list.
The request id "<本机用户名>/resumate/node_modules/.pnpm/@fontsource+geist@5.3.0/node_modules/@fontsource/geist/files/geist-latin-500-normal.woff" is outside of Vite serving allow list.
The request id "<本机用户名>/resumate/node_modules/.pnpm/@fontsource+geist@5.3.0/node_modules/@fontsource/geist/files/geist-latin-700-normal.woff" is outside of Vite serving allow list.
The request id "<本机用户名>/resumate/node_modules/.pnpm/@fontsource+geist@5.3.0/node_modules/@fontsource/geist/files/geist-latin-700-normal.woff" is outside of Vite serving allow list.
The request id "<本机用户名>/resumate/node_modules/.pnpm/@fontsource+geist@5.3.0/node_modules/@fontsource/geist/files/geist-latin-400-normal.woff2" is outside of Vite serving allow list.
The request id "<本机用户名>/resumate/node_modules/.pnpm/@fontsource+geist@5.3.0/node_modules/@fontsource/geist/files/geist-latin-400-normal.woff" is outside of Vite serving allow list.
The request id "<本机用户名>/resumate/node_modules/.pnpm/@fontsource+geist@5.3.0/node_modules/@fontsource/geist/files/geist-latin-500-normal.woff2" is outside of Vite serving allow list.
The request id "<本机用户名>/resumate/node_modules/.pnpm/@fontsource+geist@5.3.0/node_modules/@fontsource/geist/files/geist-latin-500-normal.woff" is outside of Vite serving allow list.
The request id "<本机用户名>/resumate/node_modules/.pnpm/@fontsource+geist@5.3.0/node_modules/@fontsource/geist/files/geist-latin-700-normal.woff2" is outside of Vite serving allow list.
The request id "<本机用户名>/resumate/node_modules/.pnpm/@fontsource+geist@5.3.0/node_modules/@fontsource/geist/files/geist-latin-700-normal.woff" is outside of Vite serving allow list.
The request id "<本机用户名>/resumate/node_modules/.pnpm/@fontsource+geist@5.3.0/node_modules/@fontsource/geist/files/geist-latin-400-normal.woff2" is outside of Vite serving allow list.
The request id "<本机用户名>/resumate/node_modules/.pnpm/@fontsource+geist@5.3.0/node_modules/@fontsource/geist/files/geist-latin-400-normal.woff" is outside of Vite serving allow list.
The request id "<本机用户名>/resumate/node_modules/.pnpm/@fontsource+geist@5.3.0/node_modules/@fontsource/geist/files/geist-latin-500-normal.woff2" is outside of Vite serving allow list.
The request id "<本机用户名>/resumate/node_modules/.pnpm/@fontsource+geist@5.3.0/node_modules/@fontsource/geist/files/geist-latin-700-normal.woff2" is outside of Vite serving allow list.
The request id "<本机用户名>/resumate/node_modules/.pnpm/@fontsource+geist@5.3.0/node_modules/@fontsource/geist/files/geist-latin-500-normal.woff" is outside of Vite serving allow list.
The request id "<本机用户名>/resumate/node_modules/.pnpm/@fontsource+geist@5.3.0/node_modules/@fontsource/geist/files/geist-latin-700-normal.woff" is outside of Vite serving allow list.
The request id "<本机用户名>/resumate/node_modules/.pnpm/@fontsource+geist@5.3.0/node_modules/@fontsource/geist/files/geist-latin-400-normal.woff2" is outside of Vite serving allow list.
2:57:18 PM [vite] http proxy error: /auth/me
AggregateError [ECONNREFUSED]: 
    at internalConnectMultiple (node:net:1194:18)
    at afterConnectMultiple (node:net:1784:7)
The request id "<本机用户名>/resumate/node_modules/.pnpm/@fontsource+geist@5.3.0/node_modules/@fontsource/geist/files/geist-latin-400-normal.woff" is outside of Vite serving allow list.
2:57:18 PM [vite] http proxy error: /auth/me
AggregateError [ECONNREFUSED]: 
    at internalConnectMultiple (node:net:1194:18)
    at afterConnectMultiple (node:net:1784:7)
The request id "<本机用户名>/resumate/node_modules/.pnpm/@fontsource+geist@5.3.0/node_modules/@fontsource/geist/files/geist-latin-700-normal.woff2" is outside of Vite serving allow list.
The request id "<本机用户名>/resumate/node_modules/.pnpm/@fontsource+geist@5.3.0/node_modules/@fontsource/geist/files/geist-latin-700-normal.woff" is outside of Vite serving allow list.
The request id "<本机用户名>/resumate/node_modules/.pnpm/@fontsource+geist@5.3.0/node_modules/@fontsource/geist/files/geist-latin-400-normal.woff2" is outside of Vite serving allow list.
The request id "<本机用户名>/resumate/node_modules/.pnpm/@fontsource+geist@5.3.0/node_modules/@fontsource/geist/files/geist-latin-400-normal.woff" is outside of Vite serving allow list.
The request id "<本机用户名>/resumate/node_modules/.pnpm/@fontsource+geist@5.3.0/node_modules/@fontsource/geist/files/geist-latin-500-normal.woff2" is outside of Vite serving allow list.
The request id "<本机用户名>/resumate/node_modules/.pnpm/@fontsource+geist@5.3.0/node_modules/@fontsource/geist/files/geist-latin-700-normal.woff2" is outside of Vite serving allow list.
The request id "<本机用户名>/resumate/node_modules/.pnpm/@fontsource+geist@5.3.0/node_modules/@fontsource/geist/files/geist-latin-500-normal.woff" is outside of Vite serving allow list.
The request id "<本机用户名>/resumate/node_modules/.pnpm/@fontsource+geist@5.3.0/node_modules/@fontsource/geist/files/geist-latin-700-normal.woff" is outside of Vite serving allow list.
The request id "<本机用户名>/resumate/node_modules/.pnpm/@fontsource+geist@5.3.0/node_modules/@fontsource/geist/files/geist-latin-400-normal.woff2" is outside of Vite serving allow list.
The request id "<本机用户名>/resumate/node_modules/.pnpm/@fontsource+geist@5.3.0/node_modules/@fontsource/geist/files/geist-latin-400-normal.woff" is outside of Vite serving allow list.
The request id "<本机用户名>/resumate/node_modules/.pnpm/@fontsource+geist@5.3.0/node_modules/@fontsource/geist/files/geist-latin-700-normal.woff2" is outside of Vite serving allow list.
The request id "<本机用户名>/resumate/node_modules/.pnpm/@fontsource+geist@5.3.0/node_modules/@fontsource/geist/files/geist-latin-700-normal.woff" is outside of Vite serving allow list.
The request id "<本机用户名>/resumate/node_modules/.pnpm/@fontsource+geist@5.3.0/node_modules/@fontsource/geist/files/geist-latin-500-normal.woff2" is outside of Vite serving allow list.
The request id "<本机用户名>/resumate/node_modules/.pnpm/@fontsource+geist@5.3.0/node_modules/@fontsource/geist/files/geist-latin-500-normal.woff" is outside of Vite serving allow list.
The request id "<本机用户名>/resumate/node_modules/.pnpm/@fontsource+geist@5.3.0/node_modules/@fontsource/geist/files/geist-latin-400-normal.woff2" is outside of Vite serving allow list.
The request id "<本机用户名>/resumate/node_modules/.pnpm/@fontsource+geist@5.3.0/node_modules/@fontsource/geist/files/geist-latin-400-normal.woff" is outside of Vite serving allow list.
The request id "<本机用户名>/resumate/node_modules/.pnpm/@fontsource+geist@5.3.0/node_modules/@fontsource/geist/files/geist-latin-500-normal.woff2" is outside of Vite serving allow list.
The request id "<本机用户名>/resumate/node_modules/.pnpm/@fontsource+geist@5.3.0/node_modules/@fontsource/geist/files/geist-latin-700-normal.woff2" is outside of Vite serving allow list.
The request id "<本机用户名>/resumate/node_modules/.pnpm/@fontsource+geist@5.3.0/node_modules/@fontsource/geist/files/geist-latin-500-normal.woff" is outside of Vite serving allow list.
The request id "<本机用户名>/resumate/node_modules/.pnpm/@fontsource+geist@5.3.0/node_modules/@fontsource/geist/files/geist-latin-700-normal.woff" is outside of Vite serving allow list.
The request id "<本机用户名>/resumate/node_modules/.pnpm/@fontsource+geist@5.3.0/node_modules/@fontsource/geist/files/geist-latin-400-normal.woff2" is outside of Vite serving allow list.
The request id "<本机用户名>/resumate/node_modules/.pnpm/@fontsource+geist@5.3.0/node_modules/@fontsource/geist/files/geist-latin-400-normal.woff" is outside of Vite serving allow list.
The request id "<本机用户名>/resumate/node_modules/.pnpm/@fontsource+geist@5.3.0/node_modules/@fontsource/geist/files/geist-latin-500-normal.woff2" is outside of Vite serving allow list.
The request id "<本机用户名>/resumate/node_modules/.pnpm/@fontsource+geist@5.3.0/node_modules/@fontsource/geist/files/geist-latin-700-normal.woff2" is outside of Vite serving allow list.
The request id "<本机用户名>/resumate/node_modules/.pnpm/@fontsource+geist@5.3.0/node_modules/@fontsource/geist/files/geist-latin-500-normal.woff" is outside of Vite serving allow list.
The request id "<本机用户名>/resumate/node_modules/.pnpm/@fontsource+geist@5.3.0/node_modules/@fontsource/geist/files/geist-latin-700-normal.woff" is outside of Vite serving allow list.
The request id "<本机用户名>/resumate/node_modules/.pnpm/@fontsource+geist@5.3.0/node_modules/@fontsource/geist/files/geist-latin-400-normal.woff2" is outside of Vite serving allow list.
The request id "<本机用户名>/resumate/node_modules/.pnpm/@fontsource+geist@5.3.0/node_modules/@fontsource/geist/files/geist-latin-400-normal.woff" is outside of Vite serving allow list.
The request id "<本机用户名>/resumate/node_modules/.pnpm/@fontsource+geist@5.3.0/node_modules/@fontsource/geist/files/geist-latin-700-normal.woff2" is outside of Vite serving allow list.
The request id "<本机用户名>/resumate/node_modules/.pnpm/@fontsource+geist@5.3.0/node_modules/@fontsource/geist/files/geist-latin-700-normal.woff" is outside of Vite serving allow list.
The request id "<本机用户名>/resumate/node_modules/.pnpm/@fontsource+geist@5.3.0/node_modules/@fontsource/geist/files/geist-latin-400-normal.woff2" is outside of Vite serving allow list.
The request id "<本机用户名>/resumate/node_modules/.pnpm/@fontsource+geist@5.3.0/node_modules/@fontsource/geist/files/geist-latin-400-normal.woff" is outside of Vite serving allow list.
The request id "<本机用户名>/resumate/node_modules/.pnpm/@fontsource+geist@5.3.0/node_modules/@fontsource/geist/files/geist-latin-500-normal.woff2" is outside of Vite serving allow list.
The request id "<本机用户名>/resumate/node_modules/.pnpm/@fontsource+geist@5.3.0/node_modules/@fontsource/geist/files/geist-latin-700-normal.woff2" is outside of Vite serving allow list.
The request id "<本机用户名>/resumate/node_modules/.pnpm/@fontsource+geist@5.3.0/node_modules/@fontsource/geist/files/geist-latin-500-normal.woff" is outside of Vite serving allow list.
The request id "<本机用户名>/resumate/node_modules/.pnpm/@fontsource+geist@5.3.0/node_modules/@fontsource/geist/files/geist-latin-700-normal.woff" is outside of Vite serving allow list.
The request id "<本机用户名>/resumate/node_modules/.pnpm/@fontsource+geist@5.3.0/node_modules/@fontsource/geist/files/geist-latin-500-normal.woff2" is outside of Vite serving allow list.
The request id "<本机用户名>/resumate/node_modules/.pnpm/@fontsource+geist@5.3.0/node_modules/@fontsource/geist/files/geist-latin-500-normal.woff" is outside of Vite serving allow list.
The request id "<本机用户名>/resumate/node_modules/.pnpm/@fontsource+geist@5.3.0/node_modules/@fontsource/geist/files/geist-latin-400-normal.woff2" is outside of Vite serving allow list.
The request id "<本机用户名>/resumate/node_modules/.pnpm/@fontsource+geist@5.3.0/node_modules/@fontsource/geist/files/geist-latin-400-normal.woff" is outside of Vite serving allow list.
The request id "<本机用户名>/resumate/node_modules/.pnpm/@fontsource+geist@5.3.0/node_modules/@fontsource/geist/files/geist-latin-500-normal.woff2" is outside of Vite serving allow list.
The request id "<本机用户名>/resumate/node_modules/.pnpm/@fontsource+geist@5.3.0/node_modules/@fontsource/geist/files/geist-latin-700-normal.woff2" is outside of Vite serving allow list.
The request id "<本机用户名>/resumate/node_modules/.pnpm/@fontsource+geist@5.3.0/node_modules/@fontsource/geist/files/geist-latin-500-normal.woff" is outside of Vite serving allow list.
The request id "<本机用户名>/resumate/node_modules/.pnpm/@fontsource+geist@5.3.0/node_modules/@fontsource/geist/files/geist-latin-700-normal.woff" is outside of Vite serving allow list.
The request id "<本机用户名>/resumate/node_modules/.pnpm/@fontsource+geist@5.3.0/node_modules/@fontsource/geist/files/geist-latin-400-normal.woff2" is outside of Vite serving allow list.
The request id "<本机用户名>/resumate/node_modules/.pnpm/@fontsource+geist@5.3.0/node_modules/@fontsource/geist/files/geist-latin-400-normal.woff" is outside of Vite serving allow list.
The request id "<本机用户名>/resumate/node_modules/.pnpm/@fontsource+geist@5.3.0/node_modules/@fontsource/geist/files/geist-latin-500-normal.woff2" is outside of Vite serving allow list.
The request id "<本机用户名>/resumate/node_modules/.pnpm/@fontsource+geist@5.3.0/node_modules/@fontsource/geist/files/geist-latin-700-normal.woff2" is outside of Vite serving allow list.
The request id "<本机用户名>/resumate/node_modules/.pnpm/@fontsource+geist@5.3.0/node_modules/@fontsource/geist/files/geist-latin-500-normal.woff" is outside of Vite serving allow list.
The request id "<本机用户名>/resumate/node_modules/.pnpm/@fontsource+geist@5.3.0/node_modules/@fontsource/geist/files/geist-latin-700-normal.woff" is outside of Vite serving allow list.
The request id "<本机用户名>/resumate/node_modules/.pnpm/@fontsource+geist@5.3.0/node_modules/@fontsource/geist/files/geist-latin-400-normal.woff2" is outside of Vite serving allow list.
The request id "<本机用户名>/resumate/node_modules/.pnpm/@fontsource+geist@5.3.0/node_modules/@fontsource/geist/files/geist-latin-400-normal.woff" is outside of Vite serving allow list.
The request id "<本机用户名>/resumate/node_modules/.pnpm/@fontsource+geist@5.3.0/node_modules/@fontsource/geist/files/geist-latin-700-normal.woff2" is outside of Vite serving allow list.
The request id "<本机用户名>/resumate/node_modules/.pnpm/@fontsource+geist@5.3.0/node_modules/@fontsource/geist/files/geist-latin-700-normal.woff" is outside of Vite serving allow list.
The request id "<本机用户名>/resumate/node_modules/.pnpm/@fontsource+geist@5.3.0/node_modules/@fontsource/geist/files/geist-latin-400-normal.woff2" is outside of Vite serving allow list.
The request id "<本机用户名>/resumate/node_modules/.pnpm/@fontsource+geist@5.3.0/node_modules/@fontsource/geist/files/geist-latin-400-normal.woff" is outside of Vite serving allow list.
The request id "<本机用户名>/resumate/node_modules/.pnpm/@fontsource+geist@5.3.0/node_modules/@fontsource/geist/files/geist-latin-500-normal.woff2" is outside of Vite serving allow list.
The request id "<本机用户名>/resumate/node_modules/.pnpm/@fontsource+geist@5.3.0/node_modules/@fontsource/geist/files/geist-latin-700-normal.woff2" is outside of Vite serving allow list.
The request id "<本机用户名>/resumate/node_modules/.pnpm/@fontsource+geist@5.3.0/node_modules/@fontsource/geist/files/geist-latin-500-normal.woff" is outside of Vite serving allow list.
The request id "<本机用户名>/resumate/node_modules/.pnpm/@fontsource+geist@5.3.0/node_modules/@fontsource/geist/files/geist-latin-700-normal.woff" is outside of Vite serving allow list.
The request id "<本机用户名>/resumate/node_modules/.pnpm/@fontsource+geist@5.3.0/node_modules/@fontsource/geist/files/geist-latin-400-normal.woff2" is outside of Vite serving allow list.
The request id "<本机用户名>/resumate/node_modules/.pnpm/@fontsource+geist@5.3.0/node_modules/@fontsource/geist/files/geist-latin-400-normal.woff" is outside of Vite serving allow list.
The request id "<本机用户名>/resumate/node_modules/.pnpm/@fontsource+geist@5.3.0/node_modules/@fontsource/geist/files/geist-latin-500-normal.woff2" is outside of Vite serving allow list.
The request id "<本机用户名>/resumate/node_modules/.pnpm/@fontsource+geist@5.3.0/node_modules/@fontsource/geist/files/geist-latin-700-normal.woff2" is outside of Vite serving allow list.
The request id "<本机用户名>/resumate/node_modules/.pnpm/@fontsource+geist@5.3.0/node_modules/@fontsource/geist/files/geist-latin-500-normal.woff" is outside of Vite serving allow list.
The request id "<本机用户名>/resumate/node_modules/.pnpm/@fontsource+geist@5.3.0/node_modules/@fontsource/geist/files/geist-latin-700-normal.woff" is outside of Vite serving allow list.
The request id "<本机用户名>/resumate/node_modules/.pnpm/@fontsource+geist@5.3.0/node_modules/@fontsource/geist/files/geist-latin-400-normal.woff2" is outside of Vite serving allow list.
The request id "<本机用户名>/resumate/node_modules/.pnpm/@fontsource+geist@5.3.0/node_modules/@fontsource/geist/files/geist-latin-400-normal.woff" is outside of Vite serving allow list.
The request id "<本机用户名>/resumate/node_modules/.pnpm/@fontsource+geist@5.3.0/node_modules/@fontsource/geist/files/geist-latin-500-normal.woff2" is outside of Vite serving allow list.
The request id "<本机用户名>/resumate/node_modules/.pnpm/@fontsource+geist@5.3.0/node_modules/@fontsource/geist/files/geist-latin-700-normal.woff2" is outside of Vite serving allow list.
The request id "<本机用户名>/resumate/node_modules/.pnpm/@fontsource+geist@5.3.0/node_modules/@fontsource/geist/files/geist-latin-500-normal.woff" is outside of Vite serving allow list.
The request id "<本机用户名>/resumate/node_modules/.pnpm/@fontsource+geist@5.3.0/node_modules/@fontsource/geist/files/geist-latin-700-normal.woff" is outside of Vite serving allow list.
The request id "<本机用户名>/resumate/node_modules/.pnpm/@fontsource+geist@5.3.0/node_modules/@fontsource/geist/files/geist-latin-400-normal.woff2" is outside of Vite serving allow list.
The request id "<本机用户名>/resumate/node_modules/.pnpm/@fontsource+geist@5.3.0/node_modules/@fontsource/geist/files/geist-latin-400-normal.woff" is outside of Vite serving allow list.
The request id "<本机用户名>/resumate/node_modules/.pnpm/@fontsource+geist@5.3.0/node_modules/@fontsource/geist/files/geist-latin-500-normal.woff2" is outside of Vite serving allow list.
The request id "<本机用户名>/resumate/node_modules/.pnpm/@fontsource+geist@5.3.0/node_modules/@fontsource/geist/files/geist-latin-700-normal.woff2" is outside of Vite serving allow list.
The request id "<本机用户名>/resumate/node_modules/.pnpm/@fontsource+geist@5.3.0/node_modules/@fontsource/geist/files/geist-latin-500-normal.woff" is outside of Vite serving allow list.
The request id "<本机用户名>/resumate/node_modules/.pnpm/@fontsource+geist@5.3.0/node_modules/@fontsource/geist/files/geist-latin-700-normal.woff" is outside of Vite serving allow list.
The request id "<本机用户名>/resumate/node_modules/.pnpm/@fontsource+geist@5.3.0/node_modules/@fontsource/geist/files/geist-latin-400-normal.woff2" is outside of Vite serving allow list.
The request id "<本机用户名>/resumate/node_modules/.pnpm/@fontsource+geist@5.3.0/node_modules/@fontsource/geist/files/geist-latin-700-normal.woff2" is outside of Vite serving allow list.
The request id "<本机用户名>/resumate/node_modules/.pnpm/@fontsource+geist@5.3.0/node_modules/@fontsource/geist/files/geist-latin-400-normal.woff" is outside of Vite serving allow list.
The request id "<本机用户名>/resumate/node_modules/.pnpm/@fontsource+geist@5.3.0/node_modules/@fontsource/geist/files/geist-latin-700-normal.woff" is outside of Vite serving allow list.
The request id "<本机用户名>/resumate/node_modules/.pnpm/@fontsource+geist@5.3.0/node_modules/@fontsource/geist/files/geist-latin-400-normal.woff2" is outside of Vite serving allow list.
The request id "<本机用户名>/resumate/node_modules/.pnpm/@fontsource+geist@5.3.0/node_modules/@fontsource/geist/files/geist-latin-700-normal.woff2" is outside of Vite serving allow list.
The request id "<本机用户名>/resumate/node_modules/.pnpm/@fontsource+geist@5.3.0/node_modules/@fontsource/geist/files/geist-latin-400-normal.woff" is outside of Vite serving allow list.
The request id "<本机用户名>/resumate/node_modules/.pnpm/@fontsource+geist@5.3.0/node_modules/@fontsource/geist/files/geist-latin-700-normal.woff" is outside of Vite serving allow list.
The request id "<本机用户名>/resumate/node_modules/.pnpm/@fontsource+geist@5.3.0/node_modules/@fontsource/geist/files/geist-latin-500-normal.woff2" is outside of Vite serving allow list.
The request id "<本机用户名>/resumate/node_modules/.pnpm/@fontsource+geist@5.3.0/node_modules/@fontsource/geist/files/geist-latin-500-normal.woff" is outside of Vite serving allow list.
The request id "<本机用户名>/resumate/node_modules/.pnpm/@fontsource+geist@5.3.0/node_modules/@fontsource/geist/files/geist-latin-400-normal.woff2" is outside of Vite serving allow list.
The request id "<本机用户名>/resumate/node_modules/.pnpm/@fontsource+geist@5.3.0/node_modules/@fontsource/geist/files/geist-latin-400-normal.woff" is outside of Vite serving allow list.
The request id "<本机用户名>/resumate/node_modules/.pnpm/@fontsource+geist@5.3.0/node_modules/@fontsource/geist/files/geist-latin-500-normal.woff2" is outside of Vite serving allow list.
The request id "<本机用户名>/resumate/node_modules/.pnpm/@fontsource+geist@5.3.0/node_modules/@fontsource/geist/files/geist-latin-700-normal.woff2" is outside of Vite serving allow list.
The request id "<本机用户名>/resumate/node_modules/.pnpm/@fontsource+geist@5.3.0/node_modules/@fontsource/geist/files/geist-latin-500-normal.woff" is outside of Vite serving allow list.
The request id "<本机用户名>/resumate/node_modules/.pnpm/@fontsource+geist@5.3.0/node_modules/@fontsource/geist/files/geist-latin-700-normal.woff" is outside of Vite serving allow list.
The request id "<本机用户名>/resumate/node_modules/.pnpm/@fontsource+geist@5.3.0/node_modules/@fontsource/geist/files/geist-latin-400-normal.woff2" is outside of Vite serving allow list.
The request id "<本机用户名>/resumate/node_modules/.pnpm/@fontsource+geist@5.3.0/node_modules/@fontsource/geist/files/geist-latin-700-normal.woff2" is outside of Vite serving allow list.
The request id "<本机用户名>/resumate/node_modules/.pnpm/@fontsource+geist@5.3.0/node_modules/@fontsource/geist/files/geist-latin-400-normal.woff" is outside of Vite serving allow list.
The request id "<本机用户名>/resumate/node_modules/.pnpm/@fontsource+geist@5.3.0/node_modules/@fontsource/geist/files/geist-latin-700-normal.woff" is outside of Vite serving allow list.
The request id "<本机用户名>/resumate/node_modules/.pnpm/@fontsource+geist@5.3.0/node_modules/@fontsource/geist/files/geist-latin-400-normal.woff2" is outside of Vite serving allow list.
The request id "<本机用户名>/resumate/node_modules/.pnpm/@fontsource+geist@5.3.0/node_modules/@fontsource/geist/files/geist-latin-400-normal.woff" is outside of Vite serving allow list.
The request id "<本机用户名>/resumate/node_modules/.pnpm/@fontsource+geist@5.3.0/node_modules/@fontsource/geist/files/geist-latin-500-normal.woff2" is outside of Vite serving allow list.
The request id "<本机用户名>/resumate/node_modules/.pnpm/@fontsource+geist@5.3.0/node_modules/@fontsource/geist/files/geist-latin-700-normal.woff2" is outside of Vite serving allow list.
The request id "<本机用户名>/resumate/node_modules/.pnpm/@fontsource+geist@5.3.0/node_modules/@fontsource/geist/files/geist-latin-500-normal.woff" is outside of Vite serving allow list.
The request id "<本机用户名>/resumate/node_modules/.pnpm/@fontsource+geist@5.3.0/node_modules/@fontsource/geist/files/geist-latin-700-normal.woff" is outside of Vite serving allow list.
The request id "<本机用户名>/resumate/node_modules/.pnpm/@fontsource+geist@5.3.0/node_modules/@fontsource/geist/files/geist-latin-400-normal.woff2" is outside of Vite serving allow list.
The request id "<本机用户名>/resumate/node_modules/.pnpm/@fontsource+geist@5.3.0/node_modules/@fontsource/geist/files/geist-latin-400-normal.woff" is outside of Vite serving allow list.
The request id "<本机用户名>/resumate/node_modules/.pnpm/@fontsource+geist@5.3.0/node_modules/@fontsource/geist/files/geist-latin-500-normal.woff2" is outside of Vite serving allow list.
The request id "<本机用户名>/resumate/node_modules/.pnpm/@fontsource+geist@5.3.0/node_modules/@fontsource/geist/files/geist-latin-700-normal.woff2" is outside of Vite serving allow list.
The request id "<本机用户名>/resumate/node_modules/.pnpm/@fontsource+geist@5.3.0/node_modules/@fontsource/geist/files/geist-latin-500-normal.woff" is outside of Vite serving allow list.
The request id "<本机用户名>/resumate/node_modules/.pnpm/@fontsource+geist@5.3.0/node_modules/@fontsource/geist/files/geist-latin-700-normal.woff" is outside of Vite serving allow list.
The request id "<本机用户名>/resumate/node_modules/.pnpm/@fontsource+geist@5.3.0/node_modules/@fontsource/geist/files/geist-latin-400-normal.woff2" is outside of Vite serving allow list.
The request id "<本机用户名>/resumate/node_modules/.pnpm/@fontsource+geist@5.3.0/node_modules/@fontsource/geist/files/geist-latin-400-normal.woff" is outside of Vite serving allow list.
The request id "<本机用户名>/resumate/node_modules/.pnpm/@fontsource+geist@5.3.0/node_modules/@fontsource/geist/files/geist-latin-500-normal.woff2" is outside of Vite serving allow list.
The request id "<本机用户名>/resumate/node_modules/.pnpm/@fontsource+geist@5.3.0/node_modules/@fontsource/geist/files/geist-latin-700-normal.woff2" is outside of Vite serving allow list.
The request id "<本机用户名>/resumate/node_modules/.pnpm/@fontsource+geist@5.3.0/node_modules/@fontsource/geist/files/geist-latin-500-normal.woff" is outside of Vite serving allow list.
The request id "<本机用户名>/resumate/node_modules/.pnpm/@fontsource+geist@5.3.0/node_modules/@fontsource/geist/files/geist-latin-700-normal.woff" is outside of Vite serving allow list.
The request id "<本机用户名>/resumate/node_modules/.pnpm/@fontsource+geist@5.3.0/node_modules/@fontsource/geist/files/geist-latin-400-normal.woff2" is outside of Vite serving allow list.
The request id "<本机用户名>/resumate/node_modules/.pnpm/@fontsource+geist@5.3.0/node_modules/@fontsource/geist/files/geist-latin-400-normal.woff" is outside of Vite serving allow list.
The request id "<本机用户名>/resumate/node_modules/.pnpm/@fontsource+geist@5.3.0/node_modules/@fontsource/geist/files/geist-latin-700-normal.woff2" is outside of Vite serving allow list.
The request id "<本机用户名>/resumate/node_modules/.pnpm/@fontsource+geist@5.3.0/node_modules/@fontsource/geist/files/geist-latin-700-normal.woff" is outside of Vite serving allow list.
The request id "<本机用户名>/resumate/node_modules/.pnpm/@fontsource+geist@5.3.0/node_modules/@fontsource/geist/files/geist-latin-500-normal.woff2" is outside of Vite serving allow list.
The request id "<本机用户名>/resumate/node_modules/.pnpm/@fontsource+geist@5.3.0/node_modules/@fontsource/geist/files/geist-latin-500-normal.woff" is outside of Vite serving allow list.
The request id "<本机用户名>/resumate/node_modules/.pnpm/@fontsource+geist@5.3.0/node_modules/@fontsource/geist/files/geist-latin-400-normal.woff2" is outside of Vite serving allow list.
The request id "<本机用户名>/resumate/node_modules/.pnpm/@fontsource+geist@5.3.0/node_modules/@fontsource/geist/files/geist-latin-400-normal.woff" is outside of Vite serving allow list.
The request id "<本机用户名>/resumate/node_modules/.pnpm/@fontsource+geist@5.3.0/node_modules/@fontsource/geist/files/geist-latin-500-normal.woff2" is outside of Vite serving allow list.
The request id "<本机用户名>/resumate/node_modules/.pnpm/@fontsource+geist@5.3.0/node_modules/@fontsource/geist/files/geist-latin-700-normal.woff2" is outside of Vite serving allow list.
The request id "<本机用户名>/resumate/node_modules/.pnpm/@fontsource+geist@5.3.0/node_modules/@fontsource/geist/files/geist-latin-500-normal.woff" is outside of Vite serving allow list.
The request id "<本机用户名>/resumate/node_modules/.pnpm/@fontsource+geist@5.3.0/node_modules/@fontsource/geist/files/geist-latin-700-normal.woff" is outside of Vite serving allow list.
The request id "<本机用户名>/resumate/node_modules/.pnpm/@fontsource+geist@5.3.0/node_modules/@fontsource/geist/files/geist-latin-400-normal.woff2" is outside of Vite serving allow list.
The request id "<本机用户名>/resumate/node_modules/.pnpm/@fontsource+geist@5.3.0/node_modules/@fontsource/geist/files/geist-latin-400-normal.woff" is outside of Vite serving allow list.
The request id "<本机用户名>/resumate/node_modules/.pnpm/@fontsource+geist@5.3.0/node_modules/@fontsource/geist/files/geist-latin-700-normal.woff2" is outside of Vite serving allow list.
The request id "<本机用户名>/resumate/node_modules/.pnpm/@fontsource+geist@5.3.0/node_modules/@fontsource/geist/files/geist-latin-700-normal.woff" is outside of Vite serving allow list.
The request id "<本机用户名>/resumate/node_modules/.pnpm/@fontsource+geist@5.3.0/node_modules/@fontsource/geist/files/geist-latin-500-normal.woff2" is outside of Vite serving allow list.
The request id "<本机用户名>/resumate/node_modules/.pnpm/@fontsource+geist@5.3.0/node_modules/@fontsource/geist/files/geist-latin-500-normal.woff" is outside of Vite serving allow list.
The request id "<本机用户名>/resumate/node_modules/.pnpm/@fontsource+geist@5.3.0/node_modules/@fontsource/geist/files/geist-latin-400-normal.woff2" is outside of Vite serving allow list.
The request id "<本机用户名>/resumate/node_modules/.pnpm/@fontsource+geist@5.3.0/node_modules/@fontsource/geist/files/geist-latin-400-normal.woff" is outside of Vite serving allow list.
The request id "<本机用户名>/resumate/node_modules/.pnpm/@fontsource+geist@5.3.0/node_modules/@fontsource/geist/files/geist-latin-700-normal.woff2" is outside of Vite serving allow list.
The request id "<本机用户名>/resumate/node_modules/.pnpm/@fontsource+geist@5.3.0/node_modules/@fontsource/geist/files/geist-latin-700-normal.woff" is outside of Vite serving allow list.
The request id "<本机用户名>/resumate/node_modules/.pnpm/@fontsource+geist@5.3.0/node_modules/@fontsource/geist/files/geist-latin-400-normal.woff2" is outside of Vite serving allow list.
The request id "<本机用户名>/resumate/node_modules/.pnpm/@fontsource+geist@5.3.0/node_modules/@fontsource/geist/files/geist-latin-400-normal.woff" is outside of Vite serving allow list.
The request id "<本机用户名>/resumate/node_modules/.pnpm/@fontsource+geist@5.3.0/node_modules/@fontsource/geist/files/geist-latin-700-normal.woff2" is outside of Vite serving allow list.
The request id "<本机用户名>/resumate/node_modules/.pnpm/@fontsource+geist@5.3.0/node_modules/@fontsource/geist/files/geist-latin-700-normal.woff" is outside of Vite serving allow list.
The request id "<本机用户名>/resumate/node_modules/.pnpm/@fontsource+geist@5.3.0/node_modules/@fontsource/geist/files/geist-latin-400-normal.woff2" is outside of Vite serving allow list.
The request id "<本机用户名>/resumate/node_modules/.pnpm/@fontsource+geist@5.3.0/node_modules/@fontsource/geist/files/geist-latin-700-normal.woff2" is outside of Vite serving allow list.
The request id "<本机用户名>/resumate/node_modules/.pnpm/@fontsource+geist@5.3.0/node_modules/@fontsource/geist/files/geist-latin-400-normal.woff" is outside of Vite serving allow list.
The request id "<本机用户名>/resumate/node_modules/.pnpm/@fontsource+geist@5.3.0/node_modules/@fontsource/geist/files/geist-latin-700-normal.woff" is outside of Vite serving allow list.
The request id "<本机用户名>/resumate/node_modules/.pnpm/@fontsource+geist@5.3.0/node_modules/@fontsource/geist/files/geist-latin-500-normal.woff2" is outside of Vite serving allow list.
The request id "<本机用户名>/resumate/node_modules/.pnpm/@fontsource+geist@5.3.0/node_modules/@fontsource/geist/files/geist-latin-500-normal.woff" is outside of Vite serving allow list.
The request id "<本机用户名>/resumate/node_modules/.pnpm/@fontsource+geist@5.3.0/node_modules/@fontsource/geist/files/geist-latin-500-normal.woff2" is outside of Vite serving allow list.
The request id "<本机用户名>/resumate/node_modules/.pnpm/@fontsource+geist@5.3.0/node_modules/@fontsource/geist/files/geist-latin-500-normal.woff" is outside of Vite serving allow list.
The request id "<本机用户名>/resumate/node_modules/.pnpm/@fontsource+geist@5.3.0/node_modules/@fontsource/geist/files/geist-latin-400-normal.woff2" is outside of Vite serving allow list.
The request id "<本机用户名>/resumate/node_modules/.pnpm/@fontsource+geist@5.3.0/node_modules/@fontsource/geist/files/geist-latin-700-normal.woff2" is outside of Vite serving allow list.
The request id "<本机用户名>/resumate/node_modules/.pnpm/@fontsource+geist@5.3.0/node_modules/@fontsource/geist/files/geist-latin-400-normal.woff" is outside of Vite serving allow list.
The request id "<本机用户名>/resumate/node_modules/.pnpm/@fontsource+geist@5.3.0/node_modules/@fontsource/geist/files/geist-latin-700-normal.woff" is outside of Vite serving allow list.
The request id "<本机用户名>/resumate/node_modules/.pnpm/@fontsource+geist@5.3.0/node_modules/@fontsource/geist/files/geist-latin-400-normal.woff2" is outside of Vite serving allow list.
The request id "<本机用户名>/resumate/node_modules/.pnpm/@fontsource+geist@5.3.0/node_modules/@fontsource/geist/files/geist-latin-400-normal.woff" is outside of Vite serving allow list.
The request id "<本机用户名>/resumate/node_modules/.pnpm/@fontsource+geist@5.3.0/node_modules/@fontsource/geist/files/geist-latin-500-normal.woff2" is outside of Vite serving allow list.
The request id "<本机用户名>/resumate/node_modules/.pnpm/@fontsource+geist@5.3.0/node_modules/@fontsource/geist/files/geist-latin-700-normal.woff2" is outside of Vite serving allow list.
The request id "<本机用户名>/resumate/node_modules/.pnpm/@fontsource+geist@5.3.0/node_modules/@fontsource/geist/files/geist-latin-700-normal.woff" is outside of Vite serving allow list.
The request id "<本机用户名>/resumate/node_modules/.pnpm/@fontsource+geist@5.3.0/node_modules/@fontsource/geist/files/geist-latin-500-normal.woff" is outside of Vite serving allow list.
The request id "<本机用户名>/resumate/node_modules/.pnpm/@fontsource+geist@5.3.0/node_modules/@fontsource/geist/files/geist-latin-400-normal.woff2" is outside of Vite serving allow list.
The request id "<本机用户名>/resumate/node_modules/.pnpm/@fontsource+geist@5.3.0/node_modules/@fontsource/geist/files/geist-latin-400-normal.woff" is outside of Vite serving allow list.
The request id "<本机用户名>/resumate/node_modules/.pnpm/@fontsource+geist@5.3.0/node_modules/@fontsource/geist/files/geist-latin-400-normal.woff2" is outside of Vite serving allow list.
The request id "<本机用户名>/resumate/node_modules/.pnpm/@fontsource+geist@5.3.0/node_modules/@fontsource/geist/files/geist-latin-400-normal.woff" is outside of Vite serving allow list.
The request id "<本机用户名>/resumate/node_modules/.pnpm/@fontsource+geist@5.3.0/node_modules/@fontsource/geist/files/geist-latin-400-normal.woff2" is outside of Vite serving allow list.
The request id "<本机用户名>/resumate/node_modules/.pnpm/@fontsource+geist@5.3.0/node_modules/@fontsource/geist/files/geist-latin-400-normal.woff" is outside of Vite serving allow list.
The request id "<本机用户名>/resumate/node_modules/.pnpm/@fontsource+geist@5.3.0/node_modules/@fontsource/geist/files/geist-latin-700-normal.woff2" is outside of Vite serving allow list.
The request id "<本机用户名>/resumate/node_modules/.pnpm/@fontsource+geist@5.3.0/node_modules/@fontsource/geist/files/geist-latin-700-normal.woff" is outside of Vite serving allow list.
The request id "<本机用户名>/resumate/node_modules/.pnpm/@fontsource+geist@5.3.0/node_modules/@fontsource/geist/files/geist-latin-500-normal.woff2" is outside of Vite serving allow list.
The request id "<本机用户名>/resumate/node_modules/.pnpm/@fontsource+geist@5.3.0/node_modules/@fontsource/geist/files/geist-latin-500-normal.woff" is outside of Vite serving allow list.
The request id "<本机用户名>/resumate/node_modules/.pnpm/@fontsource+geist@5.3.0/node_modules/@fontsource/geist/files/geist-latin-700-normal.woff2" is outside of Vite serving allow list.
The request id "<本机用户名>/resumate/node_modules/.pnpm/@fontsource+geist@5.3.0/node_modules/@fontsource/geist/files/geist-latin-700-normal.woff" is outside of Vite serving allow list.
The request id "<本机用户名>/resumate/node_modules/.pnpm/@fontsource+geist@5.3.0/node_modules/@fontsource/geist/files/geist-latin-500-normal.woff2" is outside of Vite serving allow list.
The request id "<本机用户名>/resumate/node_modules/.pnpm/@fontsource+geist@5.3.0/node_modules/@fontsource/geist/files/geist-latin-700-normal.woff2" is outside of Vite serving allow list.
The request id "<本机用户名>/resumate/node_modules/.pnpm/@fontsource+geist@5.3.0/node_modules/@fontsource/geist/files/geist-latin-500-normal.woff" is outside of Vite serving allow list.
The request id "<本机用户名>/resumate/node_modules/.pnpm/@fontsource+geist@5.3.0/node_modules/@fontsource/geist/files/geist-latin-700-normal.woff" is outside of Vite serving allow list.
The request id "<本机用户名>/resumate/node_modules/.pnpm/@fontsource+geist@5.3.0/node_modules/@fontsource/geist/files/geist-latin-400-normal.woff2" is outside of Vite serving allow list.
The request id "<本机用户名>/resumate/node_modules/.pnpm/@fontsource+geist@5.3.0/node_modules/@fontsource/geist/files/geist-latin-400-normal.woff" is outside of Vite serving allow list.
The request id "<本机用户名>/resumate/node_modules/.pnpm/@fontsource+geist@5.3.0/node_modules/@fontsource/geist/files/geist-latin-700-normal.woff2" is outside of Vite serving allow list.
The request id "<本机用户名>/resumate/node_modules/.pnpm/@fontsource+geist@5.3.0/node_modules/@fontsource/geist/files/geist-latin-700-normal.woff" is outside of Vite serving allow list.
The request id "<本机用户名>/resumate/node_modules/.pnpm/@fontsource+geist@5.3.0/node_modules/@fontsource/geist/files/geist-latin-500-normal.woff2" is outside of Vite serving allow list.
The request id "<本机用户名>/resumate/node_modules/.pnpm/@fontsource+geist@5.3.0/node_modules/@fontsource/geist/files/geist-latin-500-normal.woff" is outside of Vite serving allow list.
The request id "<本机用户名>/resumate/node_modules/.pnpm/@fontsource+geist@5.3.0/node_modules/@fontsource/geist/files/geist-latin-400-normal.woff2" is outside of Vite serving allow list.
The request id "<本机用户名>/resumate/node_modules/.pnpm/@fontsource+geist@5.3.0/node_modules/@fontsource/geist/files/geist-latin-400-normal.woff" is outside of Vite serving allow list.
The request id "<本机用户名>/resumate/node_modules/.pnpm/@fontsource+geist@5.3.0/node_modules/@fontsource/geist/files/geist-latin-500-normal.woff2" is outside of Vite serving allow list.
The request id "<本机用户名>/resumate/node_modules/.pnpm/@fontsource+geist@5.3.0/node_modules/@fontsource/geist/files/geist-latin-700-normal.woff2" is outside of Vite serving allow list.
The request id "<本机用户名>/resumate/node_modules/.pnpm/@fontsource+geist@5.3.0/node_modules/@fontsource/geist/files/geist-latin-700-normal.woff" is outside of Vite serving allow list.
The request id "<本机用户名>/resumate/node_modules/.pnpm/@fontsource+geist@5.3.0/node_modules/@fontsource/geist/files/geist-latin-500-normal.woff" is outside of Vite serving allow list.
The request id "<本机用户名>/resumate/node_modules/.pnpm/@fontsource+geist@5.3.0/node_modules/@fontsource/geist/files/geist-latin-400-normal.woff2" is outside of Vite serving allow list.
The request id "<本机用户名>/resumate/node_modules/.pnpm/@fontsource+geist@5.3.0/node_modules/@fontsource/geist/files/geist-latin-400-normal.woff" is outside of Vite serving allow list.
The request id "<本机用户名>/resumate/node_modules/.pnpm/@fontsource+geist@5.3.0/node_modules/@fontsource/geist/files/geist-latin-500-normal.woff2" is outside of Vite serving allow list.
The request id "<本机用户名>/resumate/node_modules/.pnpm/@fontsource+geist@5.3.0/node_modules/@fontsource/geist/files/geist-latin-700-normal.woff2" is outside of Vite serving allow list.
The request id "<本机用户名>/resumate/node_modules/.pnpm/@fontsource+geist@5.3.0/node_modules/@fontsource/geist/files/geist-latin-500-normal.woff" is outside of Vite serving allow list.
The request id "<本机用户名>/resumate/node_modules/.pnpm/@fontsource+geist@5.3.0/node_modules/@fontsource/geist/files/geist-latin-700-normal.woff" is outside of Vite serving allow list.
The request id "<本机用户名>/resumate/node_modules/.pnpm/@fontsource+geist@5.3.0/node_modules/@fontsource/geist/files/geist-latin-400-normal.woff2" is outside of Vite serving allow list.
The request id "<本机用户名>/resumate/node_modules/.pnpm/@fontsource+geist@5.3.0/node_modules/@fontsource/geist/files/geist-latin-400-normal.woff" is outside of Vite serving allow list.
The request id "<本机用户名>/resumate/node_modules/.pnpm/@fontsource+geist@5.3.0/node_modules/@fontsource/geist/files/geist-latin-500-normal.woff2" is outside of Vite serving allow list.
The request id "<本机用户名>/resumate/node_modules/.pnpm/@fontsource+geist@5.3.0/node_modules/@fontsource/geist/files/geist-latin-700-normal.woff2" is outside of Vite serving allow list.
The request id "<本机用户名>/resumate/node_modules/.pnpm/@fontsource+geist@5.3.0/node_modules/@fontsource/geist/files/geist-latin-500-normal.woff" is outside of Vite serving allow list.
The request id "<本机用户名>/resumate/node_modules/.pnpm/@fontsource+geist@5.3.0/node_modules/@fontsource/geist/files/geist-latin-700-normal.woff" is outside of Vite serving allow list.
The request id "<本机用户名>/resumate/node_modules/.pnpm/@fontsource+geist@5.3.0/node_modules/@fontsource/geist/files/geist-latin-400-normal.woff2" is outside of Vite serving allow list.
The request id "<本机用户名>/resumate/node_modules/.pnpm/@fontsource+geist@5.3.0/node_modules/@fontsource/geist/files/geist-latin-400-normal.woff" is outside of Vite serving allow list.
The request id "<本机用户名>/resumate/node_modules/.pnpm/@fontsource+geist@5.3.0/node_modules/@fontsource/geist/files/geist-latin-700-normal.woff2" is outside of Vite serving allow list.
The request id "<本机用户名>/resumate/node_modules/.pnpm/@fontsource+geist@5.3.0/node_modules/@fontsource/geist/files/geist-latin-700-normal.woff" is outside of Vite serving allow list.
The request id "<本机用户名>/resumate/node_modules/.pnpm/@fontsource+geist@5.3.0/node_modules/@fontsource/geist/files/geist-latin-500-normal.woff2" is outside of Vite serving allow list.
The request id "<本机用户名>/resumate/node_modules/.pnpm/@fontsource+geist@5.3.0/node_modules/@fontsource/geist/files/geist-latin-500-normal.woff" is outside of Vite serving allow list.
The request id "<本机用户名>/resumate/node_modules/.pnpm/@fontsource+geist@5.3.0/node_modules/@fontsource/geist/files/geist-latin-400-normal.woff2" is outside of Vite serving allow list.
The request id "<本机用户名>/resumate/node_modules/.pnpm/@fontsource+geist@5.3.0/node_modules/@fontsource/geist/files/geist-latin-400-normal.woff" is outside of Vite serving allow list.
The request id "<本机用户名>/resumate/node_modules/.pnpm/@fontsource+geist@5.3.0/node_modules/@fontsource/geist/files/geist-latin-400-normal.woff2" is outside of Vite serving allow list.
The request id "<本机用户名>/resumate/node_modules/.pnpm/@fontsource+geist@5.3.0/node_modules/@fontsource/geist/files/geist-latin-400-normal.woff" is outside of Vite serving allow list.
The request id "<本机用户名>/resumate/node_modules/.pnpm/@fontsource+geist@5.3.0/node_modules/@fontsource/geist/files/geist-latin-700-normal.woff2" is outside of Vite serving allow list.
The request id "<本机用户名>/resumate/node_modules/.pnpm/@fontsource+geist@5.3.0/node_modules/@fontsource/geist/files/geist-latin-700-normal.woff" is outside of Vite serving allow list.
The request id "<本机用户名>/resumate/node_modules/.pnpm/@fontsource+geist@5.3.0/node_modules/@fontsource/geist/files/geist-latin-500-normal.woff2" is outside of Vite serving allow list.
The request id "<本机用户名>/resumate/node_modules/.pnpm/@fontsource+geist@5.3.0/node_modules/@fontsource/geist/files/geist-latin-500-normal.woff" is outside of Vite serving allow list.
The request id "<本机用户名>/resumate/node_modules/.pnpm/@fontsource+geist@5.3.0/node_modules/@fontsource/geist/files/geist-latin-700-normal.woff2" is outside of Vite serving allow list.
The request id "<本机用户名>/resumate/node_modules/.pnpm/@fontsource+geist@5.3.0/node_modules/@fontsource/geist/files/geist-latin-700-normal.woff" is outside of Vite serving allow list.
The request id "<本机用户名>/resumate/node_modules/.pnpm/@fontsource+geist@5.3.0/node_modules/@fontsource/geist/files/geist-latin-400-normal.woff2" is outside of Vite serving allow list.
The request id "<本机用户名>/resumate/node_modules/.pnpm/@fontsource+geist@5.3.0/node_modules/@fontsource/geist/files/geist-latin-400-normal.woff" is outside of Vite serving allow list.
The request id "<本机用户名>/resumate/node_modules/.pnpm/@fontsource+geist@5.3.0/node_modules/@fontsource/geist/files/geist-latin-500-normal.woff2" is outside of Vite serving allow list.
The request id "<本机用户名>/resumate/node_modules/.pnpm/@fontsource+geist@5.3.0/node_modules/@fontsource/geist/files/geist-latin-700-normal.woff2" is outside of Vite serving allow list.
The request id "<本机用户名>/resumate/node_modules/.pnpm/@fontsource+geist@5.3.0/node_modules/@fontsource/geist/files/geist-latin-500-normal.woff" is outside of Vite serving allow list.
The request id "<本机用户名>/resumate/node_modules/.pnpm/@fontsource+geist@5.3.0/node_modules/@fontsource/geist/files/geist-latin-700-normal.woff" is outside of Vite serving allow list.
The request id "<本机用户名>/resumate/node_modules/.pnpm/@fontsource+geist@5.3.0/node_modules/@fontsource/geist/files/geist-latin-500-normal.woff2" is outside of Vite serving allow list.
The request id "<本机用户名>/resumate/node_modules/.pnpm/@fontsource+geist@5.3.0/node_modules/@fontsource/geist/files/geist-latin-500-normal.woff" is outside of Vite serving allow list.
The request id "<本机用户名>/resumate/node_modules/.pnpm/@fontsource+geist@5.3.0/node_modules/@fontsource/geist/files/geist-latin-400-normal.woff2" is outside of Vite serving allow list.
The request id "<本机用户名>/resumate/node_modules/.pnpm/@fontsource+geist@5.3.0/node_modules/@fontsource/geist/files/geist-latin-400-normal.woff" is outside of Vite serving allow list.
The request id "<本机用户名>/resumate/node_modules/.pnpm/@fontsource+geist@5.3.0/node_modules/@fontsource/geist/files/geist-latin-700-normal.woff2" is outside of Vite serving allow list.
The request id "<本机用户名>/resumate/node_modules/.pnpm/@fontsource+geist@5.3.0/node_modules/@fontsource/geist/files/geist-latin-700-normal.woff" is outside of Vite serving allow list.
The request id "<本机用户名>/resumate/node_modules/.pnpm/@fontsource+geist@5.3.0/node_modules/@fontsource/geist/files/geist-latin-400-normal.woff2" is outside of Vite serving allow list.
The request id "<本机用户名>/resumate/node_modules/.pnpm/@fontsource+geist@5.3.0/node_modules/@fontsource/geist/files/geist-latin-400-normal.woff" is outside of Vite serving allow list.
The request id "<本机用户名>/resumate/node_modules/.pnpm/@fontsource+geist@5.3.0/node_modules/@fontsource/geist/files/geist-latin-500-normal.woff2" is outside of Vite serving allow list.
The request id "<本机用户名>/resumate/node_modules/.pnpm/@fontsource+geist@5.3.0/node_modules/@fontsource/geist/files/geist-latin-700-normal.woff2" is outside of Vite serving allow list.
The request id "<本机用户名>/resumate/node_modules/.pnpm/@fontsource+geist@5.3.0/node_modules/@fontsource/geist/files/geist-latin-500-normal.woff" is outside of Vite serving allow list.
The request id "<本机用户名>/resumate/node_modules/.pnpm/@fontsource+geist@5.3.0/node_modules/@fontsource/geist/files/geist-latin-700-normal.woff" is outside of Vite serving allow list.
The request id "<本机用户名>/resumate/node_modules/.pnpm/@fontsource+geist@5.3.0/node_modules/@fontsource/geist/files/geist-latin-400-normal.woff2" is outside of Vite serving allow list.
The request id "<本机用户名>/resumate/node_modules/.pnpm/@fontsource+geist@5.3.0/node_modules/@fontsource/geist/files/geist-latin-400-normal.woff" is outside of Vite serving allow list.
The request id "<本机用户名>/resumate/node_modules/.pnpm/@fontsource+geist@5.3.0/node_modules/@fontsource/geist/files/geist-latin-700-normal.woff2" is outside of Vite serving allow list.
The request id "<本机用户名>/resumate/node_modules/.pnpm/@fontsource+geist@5.3.0/node_modules/@fontsource/geist/files/geist-latin-700-normal.woff" is outside of Vite serving allow list.
The request id "<本机用户名>/resumate/node_modules/.pnpm/@fontsource+geist@5.3.0/node_modules/@fontsource/geist/files/geist-latin-500-normal.woff2" is outside of Vite serving allow list.
The request id "<本机用户名>/resumate/node_modules/.pnpm/@fontsource+geist@5.3.0/node_modules/@fontsource/geist/files/geist-latin-500-normal.woff" is outside of Vite serving allow list.
The request id "<本机用户名>/resumate/node_modules/.pnpm/@fontsource+geist@5.3.0/node_modules/@fontsource/geist/files/geist-latin-400-normal.woff2" is outside of Vite serving allow list.
The request id "<本机用户名>/resumate/node_modules/.pnpm/@fontsource+geist@5.3.0/node_modules/@fontsource/geist/files/geist-latin-400-normal.woff" is outside of Vite serving allow list.
The request id "<本机用户名>/resumate/node_modules/.pnpm/@fontsource+geist@5.3.0/node_modules/@fontsource/geist/files/geist-latin-700-normal.woff2" is outside of Vite serving allow list.
The request id "<本机用户名>/resumate/node_modules/.pnpm/@fontsource+geist@5.3.0/node_modules/@fontsource/geist/files/geist-latin-700-normal.woff" is outside of Vite serving allow list.
The request id "<本机用户名>/resumate/node_modules/.pnpm/@fontsource+geist@5.3.0/node_modules/@fontsource/geist/files/geist-latin-400-normal.woff2" is outside of Vite serving allow list.
The request id "<本机用户名>/resumate/node_modules/.pnpm/@fontsource+geist@5.3.0/node_modules/@fontsource/geist/files/geist-latin-400-normal.woff" is outside of Vite serving allow list.
The request id "<本机用户名>/resumate/node_modules/.pnpm/@fontsource+geist@5.3.0/node_modules/@fontsource/geist/files/geist-latin-500-normal.woff2" is outside of Vite serving allow list.
The request id "<本机用户名>/resumate/node_modules/.pnpm/@fontsource+geist@5.3.0/node_modules/@fontsource/geist/files/geist-latin-700-normal.woff2" is outside of Vite serving allow list.
The request id "<本机用户名>/resumate/node_modules/.pnpm/@fontsource+geist@5.3.0/node_modules/@fontsource/geist/files/geist-latin-500-normal.woff" is outside of Vite serving allow list.
The request id "<本机用户名>/resumate/node_modules/.pnpm/@fontsource+geist@5.3.0/node_modules/@fontsource/geist/files/geist-latin-700-normal.woff" is outside of Vite serving allow list.
The request id "<本机用户名>/resumate/node_modules/.pnpm/@fontsource+geist@5.3.0/node_modules/@fontsource/geist/files/geist-latin-500-normal.woff2" is outside of Vite serving allow list.
The request id "<本机用户名>/resumate/node_modules/.pnpm/@fontsource+geist@5.3.0/node_modules/@fontsource/geist/files/geist-latin-500-normal.woff" is outside of Vite serving allow list.
The request id "<本机用户名>/resumate/node_modules/.pnpm/@fontsource+geist@5.3.0/node_modules/@fontsource/geist/files/geist-latin-400-normal.woff2" is outside of Vite serving allow list.
The request id "<本机用户名>/resumate/node_modules/.pnpm/@fontsource+geist@5.3.0/node_modules/@fontsource/geist/files/geist-latin-400-normal.woff" is outside of Vite serving allow list.
The request id "<本机用户名>/resumate/node_modules/.pnpm/@fontsource+geist@5.3.0/node_modules/@fontsource/geist/files/geist-latin-500-normal.woff2" is outside of Vite serving allow list.
The request id "<本机用户名>/resumate/node_modules/.pnpm/@fontsource+geist@5.3.0/node_modules/@fontsource/geist/files/geist-latin-700-normal.woff2" is outside of Vite serving allow list.
The request id "<本机用户名>/resumate/node_modules/.pnpm/@fontsource+geist@5.3.0/node_modules/@fontsource/geist/files/geist-latin-500-normal.woff" is outside of Vite serving allow list.
The request id "<本机用户名>/resumate/node_modules/.pnpm/@fontsource+geist@5.3.0/node_modules/@fontsource/geist/files/geist-latin-700-normal.woff" is outside of Vite serving allow list.
The request id "<本机用户名>/resumate/node_modules/.pnpm/@fontsource+geist@5.3.0/node_modules/@fontsource/geist/files/geist-latin-400-normal.woff2" is outside of Vite serving allow list.
The request id "<本机用户名>/resumate/node_modules/.pnpm/@fontsource+geist@5.3.0/node_modules/@fontsource/geist/files/geist-latin-400-normal.woff" is outside of Vite serving allow list.
The request id "<本机用户名>/resumate/node_modules/.pnpm/@fontsource+geist@5.3.0/node_modules/@fontsource/geist/files/geist-latin-500-normal.woff2" is outside of Vite serving allow list.
The request id "<本机用户名>/resumate/node_modules/.pnpm/@fontsource+geist@5.3.0/node_modules/@fontsource/geist/files/geist-latin-700-normal.woff2" is outside of Vite serving allow list.
The request id "<本机用户名>/resumate/node_modules/.pnpm/@fontsource+geist@5.3.0/node_modules/@fontsource/geist/files/geist-latin-500-normal.woff" is outside of Vite serving allow list.
The request id "<本机用户名>/resumate/node_modules/.pnpm/@fontsource+geist@5.3.0/node_modules/@fontsource/geist/files/geist-latin-700-normal.woff" is outside of Vite serving allow list.
The request id "<本机用户名>/resumate/node_modules/.pnpm/@fontsource+geist@5.3.0/node_modules/@fontsource/geist/files/geist-latin-400-normal.woff2" is outside of Vite serving allow list.
The request id "<本机用户名>/resumate/node_modules/.pnpm/@fontsource+geist@5.3.0/node_modules/@fontsource/geist/files/geist-latin-400-normal.woff" is outside of Vite serving allow list.
The request id "<本机用户名>/resumate/node_modules/.pnpm/@fontsource+geist@5.3.0/node_modules/@fontsource/geist/files/geist-latin-500-normal.woff2" is outside of Vite serving allow list.
The request id "<本机用户名>/resumate/node_modules/.pnpm/@fontsource+geist@5.3.0/node_modules/@fontsource/geist/files/geist-latin-700-normal.woff2" is outside of Vite serving allow list.
The request id "<本机用户名>/resumate/node_modules/.pnpm/@fontsource+geist@5.3.0/node_modules/@fontsource/geist/files/geist-latin-500-normal.woff" is outside of Vite serving allow list.
The request id "<本机用户名>/resumate/node_modules/.pnpm/@fontsource+geist@5.3.0/node_modules/@fontsource/geist/files/geist-latin-700-normal.woff" is outside of Vite serving allow list.
The request id "<本机用户名>/resumate/node_modules/.pnpm/@fontsource+geist@5.3.0/node_modules/@fontsource/geist/files/geist-latin-400-normal.woff2" is outside of Vite serving allow list.
The request id "<本机用户名>/resumate/node_modules/.pnpm/@fontsource+geist@5.3.0/node_modules/@fontsource/geist/files/geist-latin-400-normal.woff" is outside of Vite serving allow list.
The request id "<本机用户名>/resumate/node_modules/.pnpm/@fontsource+geist@5.3.0/node_modules/@fontsource/geist/files/geist-latin-500-normal.woff2" is outside of Vite serving allow list.
The request id "<本机用户名>/resumate/node_modules/.pnpm/@fontsource+geist@5.3.0/node_modules/@fontsource/geist/files/geist-latin-700-normal.woff2" is outside of Vite serving allow list.
The request id "<本机用户名>/resumate/node_modules/.pnpm/@fontsource+geist@5.3.0/node_modules/@fontsource/geist/files/geist-latin-500-normal.woff" is outside of Vite serving allow list.
The request id "<本机用户名>/resumate/node_modules/.pnpm/@fontsource+geist@5.3.0/node_modules/@fontsource/geist/files/geist-latin-700-normal.woff" is outside of Vite serving allow list.
The request id "<本机用户名>/resumate/node_modules/.pnpm/@fontsource+geist@5.3.0/node_modules/@fontsource/geist/files/geist-latin-400-normal.woff2" is outside of Vite serving allow list.
The request id "<本机用户名>/resumate/node_modules/.pnpm/@fontsource+geist@5.3.0/node_modules/@fontsource/geist/files/geist-latin-400-normal.woff" is outside of Vite serving allow list.
The request id "<本机用户名>/resumate/node_modules/.pnpm/@fontsource+geist@5.3.0/node_modules/@fontsource/geist/files/geist-latin-500-normal.woff2" is outside of Vite serving allow list.
The request id "<本机用户名>/resumate/node_modules/.pnpm/@fontsource+geist@5.3.0/node_modules/@fontsource/geist/files/geist-latin-700-normal.woff2" is outside of Vite serving allow list.
The request id "<本机用户名>/resumate/node_modules/.pnpm/@fontsource+geist@5.3.0/node_modules/@fontsource/geist/files/geist-latin-500-normal.woff" is outside of Vite serving allow list.
The request id "<本机用户名>/resumate/node_modules/.pnpm/@fontsource+geist@5.3.0/node_modules/@fontsource/geist/files/geist-latin-700-normal.woff" is outside of Vite serving allow list.
The request id "<本机用户名>/resumate/node_modules/.pnpm/@fontsource+geist@5.3.0/node_modules/@fontsource/geist/files/geist-latin-400-normal.woff2" is outside of Vite serving allow list.
The request id "<本机用户名>/resumate/node_modules/.pnpm/@fontsource+geist@5.3.0/node_modules/@fontsource/geist/files/geist-latin-400-normal.woff" is outside of Vite serving allow list.
The request id "<本机用户名>/resumate/node_modules/.pnpm/@fontsource+geist@5.3.0/node_modules/@fontsource/geist/files/geist-latin-500-normal.woff2" is outside of Vite serving allow list.
The request id "<本机用户名>/resumate/node_modules/.pnpm/@fontsource+geist@5.3.0/node_modules/@fontsource/geist/files/geist-latin-700-normal.woff2" is outside of Vite serving allow list.
The request id "<本机用户名>/resumate/node_modules/.pnpm/@fontsource+geist@5.3.0/node_modules/@fontsource/geist/files/geist-latin-500-normal.woff" is outside of Vite serving allow list.
The request id "<本机用户名>/resumate/node_modules/.pnpm/@fontsource+geist@5.3.0/node_modules/@fontsource/geist/files/geist-latin-700-normal.woff" is outside of Vite serving allow list.
The request id "<本机用户名>/resumate/node_modules/.pnpm/@fontsource+geist@5.3.0/node_modules/@fontsource/geist/files/geist-latin-400-normal.woff2" is outside of Vite serving allow list.
The request id "<本机用户名>/resumate/node_modules/.pnpm/@fontsource+geist@5.3.0/node_modules/@fontsource/geist/files/geist-latin-400-normal.woff" is outside of Vite serving allow list.
The request id "<本机用户名>/resumate/node_modules/.pnpm/@fontsource+geist@5.3.0/node_modules/@fontsource/geist/files/geist-latin-500-normal.woff2" is outside of Vite serving allow list.
The request id "<本机用户名>/resumate/node_modules/.pnpm/@fontsource+geist@5.3.0/node_modules/@fontsource/geist/files/geist-latin-500-normal.woff" is outside of Vite serving allow list.
The request id "<本机用户名>/resumate/node_modules/.pnpm/@fontsource+geist@5.3.0/node_modules/@fontsource/geist/files/geist-latin-700-normal.woff2" is outside of Vite serving allow list.
The request id "<本机用户名>/resumate/node_modules/.pnpm/@fontsource+geist@5.3.0/node_modules/@fontsource/geist/files/geist-latin-700-normal.woff" is outside of Vite serving allow list.
The request id "<本机用户名>/resumate/node_modules/.pnpm/@fontsource+geist@5.3.0/node_modules/@fontsource/geist/files/geist-latin-400-normal.woff2" is outside of Vite serving allow list.
The request id "<本机用户名>/resumate/node_modules/.pnpm/@fontsource+geist@5.3.0/node_modules/@fontsource/geist/files/geist-latin-400-normal.woff" is outside of Vite serving allow list.
The request id "<本机用户名>/resumate/node_modules/.pnpm/@fontsource+geist@5.3.0/node_modules/@fontsource/geist/files/geist-latin-500-normal.woff2" is outside of Vite serving allow list.
The request id "<本机用户名>/resumate/node_modules/.pnpm/@fontsource+geist@5.3.0/node_modules/@fontsource/geist/files/geist-latin-700-normal.woff2" is outside of Vite serving allow list.
The request id "<本机用户名>/resumate/node_modules/.pnpm/@fontsource+geist@5.3.0/node_modules/@fontsource/geist/files/geist-latin-500-normal.woff" is outside of Vite serving allow list.
The request id "<本机用户名>/resumate/node_modules/.pnpm/@fontsource+geist@5.3.0/node_modules/@fontsource/geist/files/geist-latin-700-normal.woff" is outside of Vite serving allow list.
The request id "<本机用户名>/resumate/node_modules/.pnpm/@fontsource+geist@5.3.0/node_modules/@fontsource/geist/files/geist-latin-400-normal.woff2" is outside of Vite serving allow list.
The request id "<本机用户名>/resumate/node_modules/.pnpm/@fontsource+geist@5.3.0/node_modules/@fontsource/geist/files/geist-latin-400-normal.woff" is outside of Vite serving allow list.
The request id "<本机用户名>/resumate/node_modules/.pnpm/@fontsource+geist@5.3.0/node_modules/@fontsource/geist/files/geist-latin-500-normal.woff2" is outside of Vite serving allow list.
The request id "<本机用户名>/resumate/node_modules/.pnpm/@fontsource+geist@5.3.0/node_modules/@fontsource/geist/files/geist-latin-700-normal.woff2" is outside of Vite serving allow list.
The request id "<本机用户名>/resumate/node_modules/.pnpm/@fontsource+geist@5.3.0/node_modules/@fontsource/geist/files/geist-latin-500-normal.woff" is outside of Vite serving allow list.
The request id "<本机用户名>/resumate/node_modules/.pnpm/@fontsource+geist@5.3.0/node_modules/@fontsource/geist/files/geist-latin-700-normal.woff" is outside of Vite serving allow list.
The request id "<本机用户名>/resumate/node_modules/.pnpm/@fontsource+geist@5.3.0/node_modules/@fontsource/geist/files/geist-latin-400-normal.woff2" is outside of Vite serving allow list.
The request id "<本机用户名>/resumate/node_modules/.pnpm/@fontsource+geist@5.3.0/node_modules/@fontsource/geist/files/geist-latin-400-normal.woff" is outside of Vite serving allow list.
The request id "<本机用户名>/resumate/node_modules/.pnpm/@fontsource+geist@5.3.0/node_modules/@fontsource/geist/files/geist-latin-500-normal.woff2" is outside of Vite serving allow list.
The request id "<本机用户名>/resumate/node_modules/.pnpm/@fontsource+geist@5.3.0/node_modules/@fontsource/geist/files/geist-latin-500-normal.woff" is outside of Vite serving allow list.
The request id "<本机用户名>/resumate/node_modules/.pnpm/@fontsource+geist@5.3.0/node_modules/@fontsource/geist/files/geist-latin-700-normal.woff2" is outside of Vite serving allow list.
The request id "<本机用户名>/resumate/node_modules/.pnpm/@fontsource+geist@5.3.0/node_modules/@fontsource/geist/files/geist-latin-700-normal.woff" is outside of Vite serving allow list.
The request id "<本机用户名>/resumate/node_modules/.pnpm/@fontsource+geist@5.3.0/node_modules/@fontsource/geist/files/geist-latin-400-normal.woff2" is outside of Vite serving allow list.
The request id "<本机用户名>/resumate/node_modules/.pnpm/@fontsource+geist@5.3.0/node_modules/@fontsource/geist/files/geist-latin-400-normal.woff" is outside of Vite serving allow list.
The request id "<本机用户名>/resumate/node_modules/.pnpm/@fontsource+geist@5.3.0/node_modules/@fontsource/geist/files/geist-latin-500-normal.woff2" is outside of Vite serving allow list.
The request id "<本机用户名>/resumate/node_modules/.pnpm/@fontsource+geist@5.3.0/node_modules/@fontsource/geist/files/geist-latin-700-normal.woff2" is outside of Vite serving allow list.
The request id "<本机用户名>/resumate/node_modules/.pnpm/@fontsource+geist@5.3.0/node_modules/@fontsource/geist/files/geist-latin-500-normal.woff" is outside of Vite serving allow list.
The request id "<本机用户名>/resumate/node_modules/.pnpm/@fontsource+geist@5.3.0/node_modules/@fontsource/geist/files/geist-latin-700-normal.woff" is outside of Vite serving allow list.
The request id "<本机用户名>/resumate/node_modules/.pnpm/@fontsource+geist@5.3.0/node_modules/@fontsource/geist/files/geist-latin-400-normal.woff2" is outside of Vite serving allow list.
The request id "<本机用户名>/resumate/node_modules/.pnpm/@fontsource+geist@5.3.0/node_modules/@fontsource/geist/files/geist-latin-400-normal.woff" is outside of Vite serving allow list.
The request id "<本机用户名>/resumate/node_modules/.pnpm/@fontsource+geist@5.3.0/node_modules/@fontsource/geist/files/geist-latin-500-normal.woff2" is outside of Vite serving allow list.
The request id "<本机用户名>/resumate/node_modules/.pnpm/@fontsource+geist@5.3.0/node_modules/@fontsource/geist/files/geist-latin-700-normal.woff2" is outside of Vite serving allow list.
The request id "<本机用户名>/resumate/node_modules/.pnpm/@fontsource+geist@5.3.0/node_modules/@fontsource/geist/files/geist-latin-500-normal.woff" is outside of Vite serving allow list.
The request id "<本机用户名>/resumate/node_modules/.pnpm/@fontsource+geist@5.3.0/node_modules/@fontsource/geist/files/geist-latin-700-normal.woff" is outside of Vite serving allow list.
The request id "<本机用户名>/resumate/node_modules/.pnpm/@fontsource+geist@5.3.0/node_modules/@fontsource/geist/files/geist-latin-400-normal.woff2" is outside of Vite serving allow list.
The request id "<本机用户名>/resumate/node_modules/.pnpm/@fontsource+geist@5.3.0/node_modules/@fontsource/geist/files/geist-latin-400-normal.woff" is outside of Vite serving allow list.
The request id "<本机用户名>/resumate/node_modules/.pnpm/@fontsource+geist@5.3.0/node_modules/@fontsource/geist/files/geist-latin-500-normal.woff2" is outside of Vite serving allow list.
The request id "<本机用户名>/resumate/node_modules/.pnpm/@fontsource+geist@5.3.0/node_modules/@fontsource/geist/files/geist-latin-700-normal.woff2" is outside of Vite serving allow list.
The request id "<本机用户名>/resumate/node_modules/.pnpm/@fontsource+geist@5.3.0/node_modules/@fontsource/geist/files/geist-latin-500-normal.woff" is outside of Vite serving allow list.
The request id "<本机用户名>/resumate/node_modules/.pnpm/@fontsource+geist@5.3.0/node_modules/@fontsource/geist/files/geist-latin-700-normal.woff" is outside of Vite serving allow list.
The request id "<本机用户名>/resumate/node_modules/.pnpm/@fontsource+geist@5.3.0/node_modules/@fontsource/geist/files/geist-latin-400-normal.woff2" is outside of Vite serving allow list.
The request id "<本机用户名>/resumate/node_modules/.pnpm/@fontsource+geist@5.3.0/node_modules/@fontsource/geist/files/geist-latin-400-normal.woff" is outside of Vite serving allow list.
The request id "<本机用户名>/resumate/node_modules/.pnpm/@fontsource+geist@5.3.0/node_modules/@fontsource/geist/files/geist-latin-500-normal.woff2" is outside of Vite serving allow list.
The request id "<本机用户名>/resumate/node_modules/.pnpm/@fontsource+geist@5.3.0/node_modules/@fontsource/geist/files/geist-latin-700-normal.woff2" is outside of Vite serving allow list.
The request id "<本机用户名>/resumate/node_modules/.pnpm/@fontsource+geist@5.3.0/node_modules/@fontsource/geist/files/geist-latin-500-normal.woff" is outside of Vite serving allow list.
The request id "<本机用户名>/resumate/node_modules/.pnpm/@fontsource+geist@5.3.0/node_modules/@fontsource/geist/files/geist-latin-700-normal.woff" is outside of Vite serving allow list.
The request id "<本机用户名>/resumate/node_modules/.pnpm/@fontsource+geist@5.3.0/node_modules/@fontsource/geist/files/geist-latin-400-normal.woff2" is outside of Vite serving allow list.
The request id "<本机用户名>/resumate/node_modules/.pnpm/@fontsource+geist@5.3.0/node_modules/@fontsource/geist/files/geist-latin-400-normal.woff" is outside of Vite serving allow list.
The request id "<本机用户名>/resumate/node_modules/.pnpm/@fontsource+geist@5.3.0/node_modules/@fontsource/geist/files/geist-latin-500-normal.woff2" is outside of Vite serving allow list.
The request id "<本机用户名>/resumate/node_modules/.pnpm/@fontsource+geist@5.3.0/node_modules/@fontsource/geist/files/geist-latin-700-normal.woff2" is outside of Vite serving allow list.
The request id "<本机用户名>/resumate/node_modules/.pnpm/@fontsource+geist@5.3.0/node_modules/@fontsource/geist/files/geist-latin-500-normal.woff" is outside of Vite serving allow list.
The request id "<本机用户名>/resumate/node_modules/.pnpm/@fontsource+geist@5.3.0/node_modules/@fontsource/geist/files/geist-latin-700-normal.woff" is outside of Vite serving allow list.
2:59:07 PM [vite] (client) hmr update /src/index.css
The request id "<本机用户名>/resumate/node_modules/.pnpm/@fontsource+geist@5.3.0/node_modules/@fontsource/geist/files/geist-latin-400-normal.woff2" is outside of Vite serving allow list.
The request id "<本机用户名>/resumate/node_modules/.pnpm/@fontsource+geist@5.3.0/node_modules/@fontsource/geist/files/geist-latin-400-normal.woff" is outside of Vite serving allow list.
The request id "<本机用户名>/resumate/node_modules/.pnpm/@fontsource+geist@5.3.0/node_modules/@fontsource/geist/files/geist-latin-400-normal.woff2" is outside of Vite serving allow list.
The request id "<本机用户名>/resumate/node_modules/.pnpm/@fontsource+geist@5.3.0/node_modules/@fontsource/geist/files/geist-latin-400-normal.woff" is outside of Vite serving allow list.
The request id "<本机用户名>/resumate/node_modules/.pnpm/@fontsource+geist@5.3.0/node_modules/@fontsource/geist/files/geist-latin-700-normal.woff2" is outside of Vite serving allow list.
The request id "<本机用户名>/resumate/node_modules/.pnpm/@fontsource+geist@5.3.0/node_modules/@fontsource/geist/files/geist-latin-700-normal.woff2" is outside of Vite serving allow list.
The request id "<本机用户名>/resumate/node_modules/.pnpm/@fontsource+geist@5.3.0/node_modules/@fontsource/geist/files/geist-latin-700-normal.woff" is outside of Vite serving allow list.
The request id "<本机用户名>/resumate/node_modules/.pnpm/@fontsource+geist@5.3.0/node_modules/@fontsource/geist/files/geist-latin-700-normal.woff" is outside of Vite serving allow list.
The request id "<本机用户名>/resumate/node_modules/.pnpm/@fontsource+geist@5.3.0/node_modules/@fontsource/geist/files/geist-latin-500-normal.woff2" is outside of Vite serving allow list.
The request id "<本机用户名>/resumate/node_modules/.pnpm/@fontsource+geist@5.3.0/node_modules/@fontsource/geist/files/geist-latin-500-normal.woff" is outside of Vite serving allow list.
The request id "<本机用户名>/resumate/node_modules/.pnpm/@fontsource+geist@5.3.0/node_modules/@fontsource/geist/files/geist-latin-500-normal.woff2" is outside of Vite serving allow list.
The request id "<本机用户名>/resumate/node_modules/.pnpm/@fontsource+geist@5.3.0/node_modules/@fontsource/geist/files/geist-latin-500-normal.woff" is outside of Vite serving allow list.
The request id "<本机用户名>/resumate/node_modules/.pnpm/@fontsource+geist@5.3.0/node_modules/@fontsource/geist/files/geist-latin-400-normal.woff2" is outside of Vite serving allow list.
The request id "<本机用户名>/resumate/node_modules/.pnpm/@fontsource+geist@5.3.0/node_modules/@fontsource/geist/files/geist-latin-400-normal.woff" is outside of Vite serving allow list.
The request id "<本机用户名>/resumate/node_modules/.pnpm/@fontsource+geist@5.3.0/node_modules/@fontsource/geist/files/geist-latin-500-normal.woff2" is outside of Vite serving allow list.
The request id "<本机用户名>/resumate/node_modules/.pnpm/@fontsource+geist@5.3.0/node_modules/@fontsource/geist/files/geist-latin-700-normal.woff2" is outside of Vite serving allow list.
The request id "<本机用户名>/resumate/node_modules/.pnpm/@fontsource+geist@5.3.0/node_modules/@fontsource/geist/files/geist-latin-500-normal.woff" is outside of Vite serving allow list.
The request id "<本机用户名>/resumate/node_modules/.pnpm/@fontsource+geist@5.3.0/node_modules/@fontsource/geist/files/geist-latin-700-normal.woff" is outside of Vite serving allow list.
The request id "<本机用户名>/resumate/node_modules/.pnpm/@fontsource+geist@5.3.0/node_modules/@fontsource/geist/files/geist-latin-400-normal.woff2" is outside of Vite serving allow list.
The request id "<本机用户名>/resumate/node_modules/.pnpm/@fontsource+geist@5.3.0/node_modules/@fontsource/geist/files/geist-latin-400-normal.woff" is outside of Vite serving allow list.
The request id "<本机用户名>/resumate/node_modules/.pnpm/@fontsource+geist@5.3.0/node_modules/@fontsource/geist/files/geist-latin-500-normal.woff2" is outside of Vite serving allow list.
The request id "<本机用户名>/resumate/node_modules/.pnpm/@fontsource+geist@5.3.0/node_modules/@fontsource/geist/files/geist-latin-700-normal.woff2" is outside of Vite serving allow list.
The request id "<本机用户名>/resumate/node_modules/.pnpm/@fontsource+geist@5.3.0/node_modules/@fontsource/geist/files/geist-latin-500-normal.woff" is outside of Vite serving allow list.
The request id "<本机用户名>/resumate/node_modules/.pnpm/@fontsource+geist@5.3.0/node_modules/@fontsource/geist/files/geist-latin-700-normal.woff" is outside of Vite serving allow list.
2:59:13 PM [vite] (client) hmr update /src/index.css, /src/App.tsx, /src/pages/profile.tsx, /src/pages/login.tsx, /src/pages/reset-password.tsx, /src/pages/verify-email.tsx, /src/pages/resumes.tsx, /src/pages/resume-editor.tsx, /src/pages/resume-versions.tsx, /src/pages/jds.tsx, /src/pages/jd-detail.tsx, /src/pages/rbac.tsx, /src/pages/templates.tsx, /src/pages/template-editor.tsx, /src/pages/workbench.tsx, /src/components/app-nav.tsx, /src/components/theme-sync.tsx, /src/components/resume-library.tsx and 17 more
2:59:13 PM [vite] (client) hmr update /src/index.css, /src/App.tsx, /src/pages/profile.tsx, /src/pages/login.tsx, /src/pages/reset-password.tsx, /src/pages/verify-email.tsx, /src/pages/resumes.tsx, /src/pages/resume-editor.tsx, /src/pages/resume-versions.tsx, /src/pages/jds.tsx, /src/pages/jd-detail.tsx, /src/pages/rbac.tsx, /src/pages/templates.tsx, /src/pages/template-editor.tsx, /src/pages/workbench.tsx, /src/components/app-nav.tsx, /src/components/theme-sync.tsx, /src/components/resume-library.tsx and 17 more
2:59:14 PM [vite] (client) hmr invalidate /src/components/profile-assistant.tsx Could not Fast Refresh ("buildConversation" export is incompatible). Learn more at https://github.com/vitejs/vite-plugin-react/tree/main/packages/plugin-react#consistent-components-exports
2:59:14 PM [vite] (client) hmr update /src/components/profile-workspace.tsx
The request id "<本机用户名>/resumate/node_modules/.pnpm/@fontsource+geist@5.3.0/node_modules/@fontsource/geist/files/geist-latin-400-normal.woff2" is outside of Vite serving allow list.
The request id "<本机用户名>/resumate/node_modules/.pnpm/@fontsource+geist@5.3.0/node_modules/@fontsource/geist/files/geist-latin-400-normal.woff" is outside of Vite serving allow list.
The request id "<本机用户名>/resumate/node_modules/.pnpm/@fontsource+geist@5.3.0/node_modules/@fontsource/geist/files/geist-latin-500-normal.woff2" is outside of Vite serving allow list.
The request id "<本机用户名>/resumate/node_modules/.pnpm/@fontsource+geist@5.3.0/node_modules/@fontsource/geist/files/geist-latin-700-normal.woff2" is outside of Vite serving allow list.
The request id "<本机用户名>/resumate/node_modules/.pnpm/@fontsource+geist@5.3.0/node_modules/@fontsource/geist/files/geist-latin-500-normal.woff" is outside of Vite serving allow list.
The request id "<本机用户名>/resumate/node_modules/.pnpm/@fontsource+geist@5.3.0/node_modules/@fontsource/geist/files/geist-latin-700-normal.woff" is outside of Vite serving allow list.
The request id "<本机用户名>/resumate/node_modules/.pnpm/@fontsource+geist@5.3.0/node_modules/@fontsource/geist/files/geist-latin-400-normal.woff2" is outside of Vite serving allow list.
The request id "<本机用户名>/resumate/node_modules/.pnpm/@fontsource+geist@5.3.0/node_modules/@fontsource/geist/files/geist-latin-400-normal.woff" is outside of Vite serving allow list.
The request id "<本机用户名>/resumate/node_modules/.pnpm/@fontsource+geist@5.3.0/node_modules/@fontsource/geist/files/geist-latin-500-normal.woff2" is outside of Vite serving allow list.
The request id "<本机用户名>/resumate/node_modules/.pnpm/@fontsource+geist@5.3.0/node_modules/@fontsource/geist/files/geist-latin-700-normal.woff2" is outside of Vite serving allow list.
The request id "<本机用户名>/resumate/node_modules/.pnpm/@fontsource+geist@5.3.0/node_modules/@fontsource/geist/files/geist-latin-500-normal.woff" is outside of Vite serving allow list.
The request id "<本机用户名>/resumate/node_modules/.pnpm/@fontsource+geist@5.3.0/node_modules/@fontsource/geist/files/geist-latin-700-normal.woff" is outside of Vite serving allow list.
The request id "<本机用户名>/resumate/node_modules/.pnpm/@fontsource+geist@5.3.0/node_modules/@fontsource/geist/files/geist-latin-400-normal.woff2" is outside of Vite serving allow list.
The request id "<本机用户名>/resumate/node_modules/.pnpm/@fontsource+geist@5.3.0/node_modules/@fontsource/geist/files/geist-latin-400-normal.woff" is outside of Vite serving allow list.
The request id "<本机用户名>/resumate/node_modules/.pnpm/@fontsource+geist@5.3.0/node_modules/@fontsource/geist/files/geist-latin-500-normal.woff2" is outside of Vite serving allow list.
The request id "<本机用户名>/resumate/node_modules/.pnpm/@fontsource+geist@5.3.0/node_modules/@fontsource/geist/files/geist-latin-700-normal.woff2" is outside of Vite serving allow list.
The request id "<本机用户名>/resumate/node_modules/.pnpm/@fontsource+geist@5.3.0/node_modules/@fontsource/geist/files/geist-latin-500-normal.woff" is outside of Vite serving allow list.
The request id "<本机用户名>/resumate/node_modules/.pnpm/@fontsource+geist@5.3.0/node_modules/@fontsource/geist/files/geist-latin-700-normal.woff" is outside of Vite serving allow list.
The request id "<本机用户名>/resumate/node_modules/.pnpm/@fontsource+geist@5.3.0/node_modules/@fontsource/geist/files/geist-latin-400-normal.woff2" is outside of Vite serving allow list.
The request id "<本机用户名>/resumate/node_modules/.pnpm/@fontsource+geist@5.3.0/node_modules/@fontsource/geist/files/geist-latin-400-normal.woff" is outside of Vite serving allow list.
The request id "<本机用户名>/resumate/node_modules/.pnpm/@fontsource+geist@5.3.0/node_modules/@fontsource/geist/files/geist-latin-500-normal.woff2" is outside of Vite serving allow list.
The request id "<本机用户名>/resumate/node_modules/.pnpm/@fontsource+geist@5.3.0/node_modules/@fontsource/geist/files/geist-latin-700-normal.woff2" is outside of Vite serving allow list.
The request id "<本机用户名>/resumate/node_modules/.pnpm/@fontsource+geist@5.3.0/node_modules/@fontsource/geist/files/geist-latin-500-normal.woff" is outside of Vite serving allow list.
The request id "<本机用户名>/resumate/node_modules/.pnpm/@fontsource+geist@5.3.0/node_modules/@fontsource/geist/files/geist-latin-700-normal.woff" is outside of Vite serving allow list.
The request id "<本机用户名>/resumate/node_modules/.pnpm/@fontsource+geist@5.3.0/node_modules/@fontsource/geist/files/geist-latin-400-normal.woff2" is outside of Vite serving allow list.
The request id "<本机用户名>/resumate/node_modules/.pnpm/@fontsource+geist@5.3.0/node_modules/@fontsource/geist/files/geist-latin-400-normal.woff" is outside of Vite serving allow list.
The request id "<本机用户名>/resumate/node_modules/.pnpm/@fontsource+geist@5.3.0/node_modules/@fontsource/geist/files/geist-latin-500-normal.woff2" is outside of Vite serving allow list.
The request id "<本机用户名>/resumate/node_modules/.pnpm/@fontsource+geist@5.3.0/node_modules/@fontsource/geist/files/geist-latin-700-normal.woff2" is outside of Vite serving allow list.
The request id "<本机用户名>/resumate/node_modules/.pnpm/@fontsource+geist@5.3.0/node_modules/@fontsource/geist/files/geist-latin-500-normal.woff" is outside of Vite serving allow list.
The request id "<本机用户名>/resumate/node_modules/.pnpm/@fontsource+geist@5.3.0/node_modules/@fontsource/geist/files/geist-latin-700-normal.woff" is outside of Vite serving allow list.
The request id "<本机用户名>/resumate/node_modules/.pnpm/@fontsource+geist@5.3.0/node_modules/@fontsource/geist/files/geist-latin-400-normal.woff2" is outside of Vite serving allow list.
The request id "<本机用户名>/resumate/node_modules/.pnpm/@fontsource+geist@5.3.0/node_modules/@fontsource/geist/files/geist-latin-400-normal.woff" is outside of Vite serving allow list.
The request id "<本机用户名>/resumate/node_modules/.pnpm/@fontsource+geist@5.3.0/node_modules/@fontsource/geist/files/geist-latin-500-normal.woff2" is outside of Vite serving allow list.
The request id "<本机用户名>/resumate/node_modules/.pnpm/@fontsource+geist@5.3.0/node_modules/@fontsource/geist/files/geist-latin-700-normal.woff2" is outside of Vite serving allow list.
The request id "<本机用户名>/resumate/node_modules/.pnpm/@fontsource+geist@5.3.0/node_modules/@fontsource/geist/files/geist-latin-500-normal.woff" is outside of Vite serving allow list.
The request id "<本机用户名>/resumate/node_modules/.pnpm/@fontsource+geist@5.3.0/node_modules/@fontsource/geist/files/geist-latin-700-normal.woff" is outside of Vite serving allow list.
The request id "<本机用户名>/resumate/node_modules/.pnpm/@fontsource+geist@5.3.0/node_modules/@fontsource/geist/files/geist-latin-400-normal.woff2" is outside of Vite serving allow list.
The request id "<本机用户名>/resumate/node_modules/.pnpm/@fontsource+geist@5.3.0/node_modules/@fontsource/geist/files/geist-latin-400-normal.woff" is outside of Vite serving allow list.
The request id "<本机用户名>/resumate/node_modules/.pnpm/@fontsource+geist@5.3.0/node_modules/@fontsource/geist/files/geist-latin-500-normal.woff2" is outside of Vite serving allow list.
The request id "<本机用户名>/resumate/node_modules/.pnpm/@fontsource+geist@5.3.0/node_modules/@fontsource/geist/files/geist-latin-700-normal.woff2" is outside of Vite serving allow list.
The request id "<本机用户名>/resumate/node_modules/.pnpm/@fontsource+geist@5.3.0/node_modules/@fontsource/geist/files/geist-latin-500-normal.woff" is outside of Vite serving allow list.
The request id "<本机用户名>/resumate/node_modules/.pnpm/@fontsource+geist@5.3.0/node_modules/@fontsource/geist/files/geist-latin-700-normal.woff" is outside of Vite serving allow list.
The request id "<本机用户名>/resumate/node_modules/.pnpm/@fontsource+geist@5.3.0/node_modules/@fontsource/geist/files/geist-latin-400-normal.woff2" is outside of Vite serving allow list.
The request id "<本机用户名>/resumate/node_modules/.pnpm/@fontsource+geist@5.3.0/node_modules/@fontsource/geist/files/geist-latin-400-normal.woff" is outside of Vite serving allow list.
The request id "<本机用户名>/resumate/node_modules/.pnpm/@fontsource+geist@5.3.0/node_modules/@fontsource/geist/files/geist-latin-700-normal.woff2" is outside of Vite serving allow list.
The request id "<本机用户名>/resumate/node_modules/.pnpm/@fontsource+geist@5.3.0/node_modules/@fontsource/geist/files/geist-latin-700-normal.woff" is outside of Vite serving allow list.
The request id "<本机用户名>/resumate/node_modules/.pnpm/@fontsource+geist@5.3.0/node_modules/@fontsource/geist/files/geist-latin-500-normal.woff2" is outside of Vite serving allow list.
The request id "<本机用户名>/resumate/node_modules/.pnpm/@fontsource+geist@5.3.0/node_modules/@fontsource/geist/files/geist-latin-500-normal.woff" is outside of Vite serving allow list.
The request id "<本机用户名>/resumate/node_modules/.pnpm/@fontsource+geist@5.3.0/node_modules/@fontsource/geist/files/geist-latin-400-normal.woff2" is outside of Vite serving allow list.
The request id "<本机用户名>/resumate/node_modules/.pnpm/@fontsource+geist@5.3.0/node_modules/@fontsource/geist/files/geist-latin-400-normal.woff" is outside of Vite serving allow list.
The request id "<本机用户名>/resumate/node_modules/.pnpm/@fontsource+geist@5.3.0/node_modules/@fontsource/geist/files/geist-latin-500-normal.woff2" is outside of Vite serving allow list.
The request id "<本机用户名>/resumate/node_modules/.pnpm/@fontsource+geist@5.3.0/node_modules/@fontsource/geist/files/geist-latin-700-normal.woff2" is outside of Vite serving allow list.
The request id "<本机用户名>/resumate/node_modules/.pnpm/@fontsource+geist@5.3.0/node_modules/@fontsource/geist/files/geist-latin-500-normal.woff" is outside of Vite serving allow list.
The request id "<本机用户名>/resumate/node_modules/.pnpm/@fontsource+geist@5.3.0/node_modules/@fontsource/geist/files/geist-latin-700-normal.woff" is outside of Vite serving allow list.
The request id "<本机用户名>/resumate/node_modules/.pnpm/@fontsource+geist@5.3.0/node_modules/@fontsource/geist/files/geist-latin-400-normal.woff2" is outside of Vite serving allow list.
The request id "<本机用户名>/resumate/node_modules/.pnpm/@fontsource+geist@5.3.0/node_modules/@fontsource/geist/files/geist-latin-400-normal.woff" is outside of Vite serving allow list.
The request id "<本机用户名>/resumate/node_modules/.pnpm/@fontsource+geist@5.3.0/node_modules/@fontsource/geist/files/geist-latin-500-normal.woff2" is outside of Vite serving allow list.
The request id "<本机用户名>/resumate/node_modules/.pnpm/@fontsource+geist@5.3.0/node_modules/@fontsource/geist/files/geist-latin-700-normal.woff2" is outside of Vite serving allow list.
The request id "<本机用户名>/resumate/node_modules/.pnpm/@fontsource+geist@5.3.0/node_modules/@fontsource/geist/files/geist-latin-500-normal.woff" is outside of Vite serving allow list.
The request id "<本机用户名>/resumate/node_modules/.pnpm/@fontsource+geist@5.3.0/node_modules/@fontsource/geist/files/geist-latin-700-normal.woff" is outside of Vite serving allow list.
The request id "<本机用户名>/resumate/node_modules/.pnpm/@fontsource+geist@5.3.0/node_modules/@fontsource/geist/files/geist-latin-400-normal.woff2" is outside of Vite serving allow list.
The request id "<本机用户名>/resumate/node_modules/.pnpm/@fontsource+geist@5.3.0/node_modules/@fontsource/geist/files/geist-latin-400-normal.woff" is outside of Vite serving allow list.
The request id "<本机用户名>/resumate/node_modules/.pnpm/@fontsource+geist@5.3.0/node_modules/@fontsource/geist/files/geist-latin-500-normal.woff2" is outside of Vite serving allow list.
The request id "<本机用户名>/resumate/node_modules/.pnpm/@fontsource+geist@5.3.0/node_modules/@fontsource/geist/files/geist-latin-500-normal.woff" is outside of Vite serving allow list.
The request id "<本机用户名>/resumate/node_modules/.pnpm/@fontsource+geist@5.3.0/node_modules/@fontsource/geist/files/geist-latin-700-normal.woff2" is outside of Vite serving allow list.
The request id "<本机用户名>/resumate/node_modules/.pnpm/@fontsource+geist@5.3.0/node_modules/@fontsource/geist/files/geist-latin-700-normal.woff" is outside of Vite serving allow list.
The request id "<本机用户名>/resumate/node_modules/.pnpm/@fontsource+geist@5.3.0/node_modules/@fontsource/geist/files/geist-latin-400-normal.woff2" is outside of Vite serving allow list.
The request id "<本机用户名>/resumate/node_modules/.pnpm/@fontsource+geist@5.3.0/node_modules/@fontsource/geist/files/geist-latin-400-normal.woff" is outside of Vite serving allow list.
The request id "<本机用户名>/resumate/node_modules/.pnpm/@fontsource+geist@5.3.0/node_modules/@fontsource/geist/files/geist-latin-500-normal.woff2" is outside of Vite serving allow list.
The request id "<本机用户名>/resumate/node_modules/.pnpm/@fontsource+geist@5.3.0/node_modules/@fontsource/geist/files/geist-latin-700-normal.woff2" is outside of Vite serving allow list.
The request id "<本机用户名>/resumate/node_modules/.pnpm/@fontsource+geist@5.3.0/node_modules/@fontsource/geist/files/geist-latin-500-normal.woff" is outside of Vite serving allow list.
The request id "<本机用户名>/resumate/node_modules/.pnpm/@fontsource+geist@5.3.0/node_modules/@fontsource/geist/files/geist-latin-700-normal.woff" is outside of Vite serving allow list.
The request id "<本机用户名>/resumate/node_modules/.pnpm/@fontsource+geist@5.3.0/node_modules/@fontsource/geist/files/geist-latin-400-normal.woff2" is outside of Vite serving allow list.
The request id "<本机用户名>/resumate/node_modules/.pnpm/@fontsource+geist@5.3.0/node_modules/@fontsource/geist/files/geist-latin-400-normal.woff" is outside of Vite serving allow list.
The request id "<本机用户名>/resumate/node_modules/.pnpm/@fontsource+geist@5.3.0/node_modules/@fontsource/geist/files/geist-latin-500-normal.woff2" is outside of Vite serving allow list.
The request id "<本机用户名>/resumate/node_modules/.pnpm/@fontsource+geist@5.3.0/node_modules/@fontsource/geist/files/geist-latin-700-normal.woff2" is outside of Vite serving allow list.
The request id "<本机用户名>/resumate/node_modules/.pnpm/@fontsource+geist@5.3.0/node_modules/@fontsource/geist/files/geist-latin-500-normal.woff" is outside of Vite serving allow list.
The request id "<本机用户名>/resumate/node_modules/.pnpm/@fontsource+geist@5.3.0/node_modules/@fontsource/geist/files/geist-latin-700-normal.woff" is outside of Vite serving allow list.
The request id "<本机用户名>/resumate/node_modules/.pnpm/@fontsource+geist@5.3.0/node_modules/@fontsource/geist/files/geist-latin-400-normal.woff2" is outside of Vite serving allow list.
The request id "<本机用户名>/resumate/node_modules/.pnpm/@fontsource+geist@5.3.0/node_modules/@fontsource/geist/files/geist-latin-400-normal.woff" is outside of Vite serving allow list.
The request id "<本机用户名>/resumate/node_modules/.pnpm/@fontsource+geist@5.3.0/node_modules/@fontsource/geist/files/geist-latin-500-normal.woff2" is outside of Vite serving allow list.
The request id "<本机用户名>/resumate/node_modules/.pnpm/@fontsource+geist@5.3.0/node_modules/@fontsource/geist/files/geist-latin-700-normal.woff2" is outside of Vite serving allow list.
The request id "<本机用户名>/resumate/node_modules/.pnpm/@fontsource+geist@5.3.0/node_modules/@fontsource/geist/files/geist-latin-500-normal.woff" is outside of Vite serving allow list.
The request id "<本机用户名>/resumate/node_modules/.pnpm/@fontsource+geist@5.3.0/node_modules/@fontsource/geist/files/geist-latin-700-normal.woff" is outside of Vite serving allow list.
The request id "<本机用户名>/resumate/node_modules/.pnpm/@fontsource+geist@5.3.0/node_modules/@fontsource/geist/files/geist-latin-400-normal.woff2" is outside of Vite serving allow list.
The request id "<本机用户名>/resumate/node_modules/.pnpm/@fontsource+geist@5.3.0/node_modules/@fontsource/geist/files/geist-latin-400-normal.woff" is outside of Vite serving allow list.
The request id "<本机用户名>/resumate/node_modules/.pnpm/@fontsource+geist@5.3.0/node_modules/@fontsource/geist/files/geist-latin-700-normal.woff2" is outside of Vite serving allow list.
The request id "<本机用户名>/resumate/node_modules/.pnpm/@fontsource+geist@5.3.0/node_modules/@fontsource/geist/files/geist-latin-700-normal.woff" is outside of Vite serving allow list.
The request id "<本机用户名>/resumate/node_modules/.pnpm/@fontsource+geist@5.3.0/node_modules/@fontsource/geist/files/geist-latin-500-normal.woff2" is outside of Vite serving allow list.
The request id "<本机用户名>/resumate/node_modules/.pnpm/@fontsource+geist@5.3.0/node_modules/@fontsource/geist/files/geist-latin-500-normal.woff" is outside of Vite serving allow list.
The request id "<本机用户名>/resumate/node_modules/.pnpm/@fontsource+geist@5.3.0/node_modules/@fontsource/geist/files/geist-latin-400-normal.woff2" is outside of Vite serving allow list.
The request id "<本机用户名>/resumate/node_modules/.pnpm/@fontsource+geist@5.3.0/node_modules/@fontsource/geist/files/geist-latin-400-normal.woff" is outside of Vite serving allow list.
The request id "<本机用户名>/resumate/node_modules/.pnpm/@fontsource+geist@5.3.0/node_modules/@fontsource/geist/files/geist-latin-500-normal.woff2" is outside of Vite serving allow list.
The request id "<本机用户名>/resumate/node_modules/.pnpm/@fontsource+geist@5.3.0/node_modules/@fontsource/geist/files/geist-latin-700-normal.woff2" is outside of Vite serving allow list.
The request id "<本机用户名>/resumate/node_modules/.pnpm/@fontsource+geist@5.3.0/node_modules/@fontsource/geist/files/geist-latin-500-normal.woff" is outside of Vite serving allow list.
The request id "<本机用户名>/resumate/node_modules/.pnpm/@fontsource+geist@5.3.0/node_modules/@fontsource/geist/files/geist-latin-700-normal.woff" is outside of Vite serving allow list.
The request id "<本机用户名>/resumate/node_modules/.pnpm/@fontsource+geist@5.3.0/node_modules/@fontsource/geist/files/geist-latin-400-normal.woff2" is outside of Vite serving allow list.
The request id "<本机用户名>/resumate/node_modules/.pnpm/@fontsource+geist@5.3.0/node_modules/@fontsource/geist/files/geist-latin-400-normal.woff" is outside of Vite serving allow list.
The request id "<本机用户名>/resumate/node_modules/.pnpm/@fontsource+geist@5.3.0/node_modules/@fontsource/geist/files/geist-latin-500-normal.woff2" is outside of Vite serving allow list.
The request id "<本机用户名>/resumate/node_modules/.pnpm/@fontsource+geist@5.3.0/node_modules/@fontsource/geist/files/geist-latin-700-normal.woff2" is outside of Vite serving allow list.
The request id "<本机用户名>/resumate/node_modules/.pnpm/@fontsource+geist@5.3.0/node_modules/@fontsource/geist/files/geist-latin-500-normal.woff" is outside of Vite serving allow list.
The request id "<本机用户名>/resumate/node_modules/.pnpm/@fontsource+geist@5.3.0/node_modules/@fontsource/geist/files/geist-latin-700-normal.woff" is outside of Vite serving allow list.
The request id "<本机用户名>/resumate/node_modules/.pnpm/@fontsource+geist@5.3.0/node_modules/@fontsource/geist/files/geist-latin-400-normal.woff2" is outside of Vite serving allow list.
The request id "<本机用户名>/resumate/node_modules/.pnpm/@fontsource+geist@5.3.0/node_modules/@fontsource/geist/files/geist-latin-400-normal.woff" is outside of Vite serving allow list.
The request id "<本机用户名>/resumate/node_modules/.pnpm/@fontsource+geist@5.3.0/node_modules/@fontsource/geist/files/geist-latin-700-normal.woff2" is outside of Vite serving allow list.
The request id "<本机用户名>/resumate/node_modules/.pnpm/@fontsource+geist@5.3.0/node_modules/@fontsource/geist/files/geist-latin-700-normal.woff" is outside of Vite serving allow list.
The request id "<本机用户名>/resumate/node_modules/.pnpm/@fontsource+geist@5.3.0/node_modules/@fontsource/geist/files/geist-latin-400-normal.woff2" is outside of Vite serving allow list.
The request id "<本机用户名>/resumate/node_modules/.pnpm/@fontsource+geist@5.3.0/node_modules/@fontsource/geist/files/geist-latin-400-normal.woff" is outside of Vite serving allow list.
The request id "<本机用户名>/resumate/node_modules/.pnpm/@fontsource+geist@5.3.0/node_modules/@fontsource/geist/files/geist-latin-500-normal.woff2" is outside of Vite serving allow list.
The request id "<本机用户名>/resumate/node_modules/.pnpm/@fontsource+geist@5.3.0/node_modules/@fontsource/geist/files/geist-latin-500-normal.woff" is outside of Vite serving allow list.
The request id "<本机用户名>/resumate/node_modules/.pnpm/@fontsource+geist@5.3.0/node_modules/@fontsource/geist/files/geist-latin-700-normal.woff2" is outside of Vite serving allow list.
The request id "<本机用户名>/resumate/node_modules/.pnpm/@fontsource+geist@5.3.0/node_modules/@fontsource/geist/files/geist-latin-700-normal.woff" is outside of Vite serving allow list.
The request id "<本机用户名>/resumate/node_modules/.pnpm/@fontsource+geist@5.3.0/node_modules/@fontsource/geist/files/geist-latin-500-normal.woff2" is outside of Vite serving allow list.
The request id "<本机用户名>/resumate/node_modules/.pnpm/@fontsource+geist@5.3.0/node_modules/@fontsource/geist/files/geist-latin-500-normal.woff" is outside of Vite serving allow list.
The request id "<本机用户名>/resumate/node_modules/.pnpm/@fontsource+geist@5.3.0/node_modules/@fontsource/geist/files/geist-latin-400-normal.woff2" is outside of Vite serving allow list.
The request id "<本机用户名>/resumate/node_modules/.pnpm/@fontsource+geist@5.3.0/node_modules/@fontsource/geist/files/geist-latin-400-normal.woff" is outside of Vite serving allow list.
The request id "<本机用户名>/resumate/node_modules/.pnpm/@fontsource+geist@5.3.0/node_modules/@fontsource/geist/files/geist-latin-500-normal.woff2" is outside of Vite serving allow list.
The request id "<本机用户名>/resumate/node_modules/.pnpm/@fontsource+geist@5.3.0/node_modules/@fontsource/geist/files/geist-latin-700-normal.woff2" is outside of Vite serving allow list.
The request id "<本机用户名>/resumate/node_modules/.pnpm/@fontsource+geist@5.3.0/node_modules/@fontsource/geist/files/geist-latin-500-normal.woff" is outside of Vite serving allow list.
The request id "<本机用户名>/resumate/node_modules/.pnpm/@fontsource+geist@5.3.0/node_modules/@fontsource/geist/files/geist-latin-700-normal.woff" is outside of Vite serving allow list.
The request id "<本机用户名>/resumate/node_modules/.pnpm/@fontsource+geist@5.3.0/node_modules/@fontsource/geist/files/geist-latin-400-normal.woff2" is outside of Vite serving allow list.
The request id "<本机用户名>/resumate/node_modules/.pnpm/@fontsource+geist@5.3.0/node_modules/@fontsource/geist/files/geist-latin-400-normal.woff" is outside of Vite serving allow list.
The request id "<本机用户名>/resumate/node_modules/.pnpm/@fontsource+geist@5.3.0/node_modules/@fontsource/geist/files/geist-latin-500-normal.woff2" is outside of Vite serving allow list.
The request id "<本机用户名>/resumate/node_modules/.pnpm/@fontsource+geist@5.3.0/node_modules/@fontsource/geist/files/geist-latin-700-normal.woff2" is outside of Vite serving allow list.
The request id "<本机用户名>/resumate/node_modules/.pnpm/@fontsource+geist@5.3.0/node_modules/@fontsource/geist/files/geist-latin-500-normal.woff" is outside of Vite serving allow list.
The request id "<本机用户名>/resumate/node_modules/.pnpm/@fontsource+geist@5.3.0/node_modules/@fontsource/geist/files/geist-latin-700-normal.woff" is outside of Vite serving allow list.
The request id "<本机用户名>/resumate/node_modules/.pnpm/@fontsource+geist@5.3.0/node_modules/@fontsource/geist/files/geist-latin-400-normal.woff2" is outside of Vite serving allow list.
The request id "<本机用户名>/resumate/node_modules/.pnpm/@fontsource+geist@5.3.0/node_modules/@fontsource/geist/files/geist-latin-400-normal.woff" is outside of Vite serving allow list.
The request id "<本机用户名>/resumate/node_modules/.pnpm/@fontsource+geist@5.3.0/node_modules/@fontsource/geist/files/geist-latin-500-normal.woff2" is outside of Vite serving allow list.
The request id "<本机用户名>/resumate/node_modules/.pnpm/@fontsource+geist@5.3.0/node_modules/@fontsource/geist/files/geist-latin-700-normal.woff2" is outside of Vite serving allow list.
The request id "<本机用户名>/resumate/node_modules/.pnpm/@fontsource+geist@5.3.0/node_modules/@fontsource/geist/files/geist-latin-500-normal.woff" is outside of Vite serving allow list.
The request id "<本机用户名>/resumate/node_modules/.pnpm/@fontsource+geist@5.3.0/node_modules/@fontsource/geist/files/geist-latin-700-normal.woff" is outside of Vite serving allow list.
The request id "<本机用户名>/resumate/node_modules/.pnpm/@fontsource+geist@5.3.0/node_modules/@fontsource/geist/files/geist-latin-400-normal.woff2" is outside of Vite serving allow list.
The request id "<本机用户名>/resumate/node_modules/.pnpm/@fontsource+geist@5.3.0/node_modules/@fontsource/geist/files/geist-latin-400-normal.woff" is outside of Vite serving allow list.
The request id "<本机用户名>/resumate/node_modules/.pnpm/@fontsource+geist@5.3.0/node_modules/@fontsource/geist/files/geist-latin-700-normal.woff2" is outside of Vite serving allow list.
The request id "<本机用户名>/resumate/node_modules/.pnpm/@fontsource+geist@5.3.0/node_modules/@fontsource/geist/files/geist-latin-700-normal.woff" is outside of Vite serving allow list.
The request id "<本机用户名>/resumate/node_modules/.pnpm/@fontsource+geist@5.3.0/node_modules/@fontsource/geist/files/geist-latin-400-normal.woff2" is outside of Vite serving allow list.
The request id "<本机用户名>/resumate/node_modules/.pnpm/@fontsource+geist@5.3.0/node_modules/@fontsource/geist/files/geist-latin-400-normal.woff" is outside of Vite serving allow list.
The request id "<本机用户名>/resumate/node_modules/.pnpm/@fontsource+geist@5.3.0/node_modules/@fontsource/geist/files/geist-latin-700-normal.woff2" is outside of Vite serving allow list.
The request id "<本机用户名>/resumate/node_modules/.pnpm/@fontsource+geist@5.3.0/node_modules/@fontsource/geist/files/geist-latin-700-normal.woff" is outside of Vite serving allow list.
The request id "<本机用户名>/resumate/node_modules/.pnpm/@fontsource+geist@5.3.0/node_modules/@fontsource/geist/files/geist-latin-500-normal.woff2" is outside of Vite serving allow list.
The request id "<本机用户名>/resumate/node_modules/.pnpm/@fontsource+geist@5.3.0/node_modules/@fontsource/geist/files/geist-latin-500-normal.woff" is outside of Vite serving allow list.
The request id "<本机用户名>/resumate/node_modules/.pnpm/@fontsource+geist@5.3.0/node_modules/@fontsource/geist/files/geist-latin-500-normal.woff2" is outside of Vite serving allow list.
The request id "<本机用户名>/resumate/node_modules/.pnpm/@fontsource+geist@5.3.0/node_modules/@fontsource/geist/files/geist-latin-500-normal.woff" is outside of Vite serving allow list.
The request id "<本机用户名>/resumate/node_modules/.pnpm/@fontsource+geist@5.3.0/node_modules/@fontsource/geist/files/geist-latin-400-normal.woff2" is outside of Vite serving allow list.
The request id "<本机用户名>/resumate/node_modules/.pnpm/@fontsource+geist@5.3.0/node_modules/@fontsource/geist/files/geist-latin-400-normal.woff" is outside of Vite serving allow list.
The request id "<本机用户名>/resumate/node_modules/.pnpm/@fontsource+geist@5.3.0/node_modules/@fontsource/geist/files/geist-latin-700-normal.woff2" is outside of Vite serving allow list.
The request id "<本机用户名>/resumate/node_modules/.pnpm/@fontsource+geist@5.3.0/node_modules/@fontsource/geist/files/geist-latin-700-normal.woff" is outside of Vite serving allow list.
The request id "<本机用户名>/resumate/node_modules/.pnpm/@fontsource+geist@5.3.0/node_modules/@fontsource/geist/files/geist-latin-400-normal.woff2" is outside of Vite serving allow list.
The request id "<本机用户名>/resumate/node_modules/.pnpm/@fontsource+geist@5.3.0/node_modules/@fontsource/geist/files/geist-latin-400-normal.woff" is outside of Vite serving allow list.
The request id "<本机用户名>/resumate/node_modules/.pnpm/@fontsource+geist@5.3.0/node_modules/@fontsource/geist/files/geist-latin-500-normal.woff2" is outside of Vite serving allow list.
The request id "<本机用户名>/resumate/node_modules/.pnpm/@fontsource+geist@5.3.0/node_modules/@fontsource/geist/files/geist-latin-700-normal.woff2" is outside of Vite serving allow list.
The request id "<本机用户名>/resumate/node_modules/.pnpm/@fontsource+geist@5.3.0/node_modules/@fontsource/geist/files/geist-latin-500-normal.woff" is outside of Vite serving allow list.
The request id "<本机用户名>/resumate/node_modules/.pnpm/@fontsource+geist@5.3.0/node_modules/@fontsource/geist/files/geist-latin-700-normal.woff" is outside of Vite serving allow list.
The request id "<本机用户名>/resumate/node_modules/.pnpm/@fontsource+geist@5.3.0/node_modules/@fontsource/geist/files/geist-latin-400-normal.woff2" is outside of Vite serving allow list.
The request id "<本机用户名>/resumate/node_modules/.pnpm/@fontsource+geist@5.3.0/node_modules/@fontsource/geist/files/geist-latin-400-normal.woff" is outside of Vite serving allow list.
The request id "<本机用户名>/resumate/node_modules/.pnpm/@fontsource+geist@5.3.0/node_modules/@fontsource/geist/files/geist-latin-500-normal.woff2" is outside of Vite serving allow list.
The request id "<本机用户名>/resumate/node_modules/.pnpm/@fontsource+geist@5.3.0/node_modules/@fontsource/geist/files/geist-latin-700-normal.woff2" is outside of Vite serving allow list.
The request id "<本机用户名>/resumate/node_modules/.pnpm/@fontsource+geist@5.3.0/node_modules/@fontsource/geist/files/geist-latin-500-normal.woff" is outside of Vite serving allow list.
The request id "<本机用户名>/resumate/node_modules/.pnpm/@fontsource+geist@5.3.0/node_modules/@fontsource/geist/files/geist-latin-700-normal.woff" is outside of Vite serving allow list.
The request id "<本机用户名>/resumate/node_modules/.pnpm/@fontsource+geist@5.3.0/node_modules/@fontsource/geist/files/geist-latin-500-normal.woff2" is outside of Vite serving allow list.
The request id "<本机用户名>/resumate/node_modules/.pnpm/@fontsource+geist@5.3.0/node_modules/@fontsource/geist/files/geist-latin-500-normal.woff" is outside of Vite serving allow list.
The request id "<本机用户名>/resumate/node_modules/.pnpm/@fontsource+geist@5.3.0/node_modules/@fontsource/geist/files/geist-latin-400-normal.woff2" is outside of Vite serving allow list.
The request id "<本机用户名>/resumate/node_modules/.pnpm/@fontsource+geist@5.3.0/node_modules/@fontsource/geist/files/geist-latin-400-normal.woff" is outside of Vite serving allow list.
The request id "<本机用户名>/resumate/node_modules/.pnpm/@fontsource+geist@5.3.0/node_modules/@fontsource/geist/files/geist-latin-500-normal.woff2" is outside of Vite serving allow list.
The request id "<本机用户名>/resumate/node_modules/.pnpm/@fontsource+geist@5.3.0/node_modules/@fontsource/geist/files/geist-latin-700-normal.woff2" is outside of Vite serving allow list.
The request id "<本机用户名>/resumate/node_modules/.pnpm/@fontsource+geist@5.3.0/node_modules/@fontsource/geist/files/geist-latin-700-normal.woff" is outside of Vite serving allow list.
The request id "<本机用户名>/resumate/node_modules/.pnpm/@fontsource+geist@5.3.0/node_modules/@fontsource/geist/files/geist-latin-500-normal.woff" is outside of Vite serving allow list.
The request id "<本机用户名>/resumate/node_modules/.pnpm/@fontsource+geist@5.3.0/node_modules/@fontsource/geist/files/geist-latin-400-normal.woff2" is outside of Vite serving allow list.
The request id "<本机用户名>/resumate/node_modules/.pnpm/@fontsource+geist@5.3.0/node_modules/@fontsource/geist/files/geist-latin-400-normal.woff" is outside of Vite serving allow list.
The request id "<本机用户名>/resumate/node_modules/.pnpm/@fontsource+geist@5.3.0/node_modules/@fontsource/geist/files/geist-latin-500-normal.woff2" is outside of Vite serving allow list.
The request id "<本机用户名>/resumate/node_modules/.pnpm/@fontsource+geist@5.3.0/node_modules/@fontsource/geist/files/geist-latin-700-normal.woff2" is outside of Vite serving allow list.
The request id "<本机用户名>/resumate/node_modules/.pnpm/@fontsource+geist@5.3.0/node_modules/@fontsource/geist/files/geist-latin-500-normal.woff" is outside of Vite serving allow list.
The request id "<本机用户名>/resumate/node_modules/.pnpm/@fontsource+geist@5.3.0/node_modules/@fontsource/geist/files/geist-latin-700-normal.woff" is outside of Vite serving allow list.
The request id "<本机用户名>/resumate/node_modules/.pnpm/@fontsource+geist@5.3.0/node_modules/@fontsource/geist/files/geist-latin-400-normal.woff2" is outside of Vite serving allow list.
The request id "<本机用户名>/resumate/node_modules/.pnpm/@fontsource+geist@5.3.0/node_modules/@fontsource/geist/files/geist-latin-400-normal.woff" is outside of Vite serving allow list.
The request id "<本机用户名>/resumate/node_modules/.pnpm/@fontsource+geist@5.3.0/node_modules/@fontsource/geist/files/geist-latin-700-normal.woff2" is outside of Vite serving allow list.
The request id "<本机用户名>/resumate/node_modules/.pnpm/@fontsource+geist@5.3.0/node_modules/@fontsource/geist/files/geist-latin-700-normal.woff" is outside of Vite serving allow list.
The request id "<本机用户名>/resumate/node_modules/.pnpm/@fontsource+geist@5.3.0/node_modules/@fontsource/geist/files/geist-latin-500-normal.woff2" is outside of Vite serving allow list.
The request id "<本机用户名>/resumate/node_modules/.pnpm/@fontsource+geist@5.3.0/node_modules/@fontsource/geist/files/geist-latin-500-normal.woff" is outside of Vite serving allow list.
The request id "<本机用户名>/resumate/node_modules/.pnpm/@fontsource+geist@5.3.0/node_modules/@fontsource/geist/files/geist-latin-400-normal.woff2" is outside of Vite serving allow list.
The request id "<本机用户名>/resumate/node_modules/.pnpm/@fontsource+geist@5.3.0/node_modules/@fontsource/geist/files/geist-latin-400-normal.woff" is outside of Vite serving allow list.
The request id "<本机用户名>/resumate/node_modules/.pnpm/@fontsource+geist@5.3.0/node_modules/@fontsource/geist/files/geist-latin-500-normal.woff2" is outside of Vite serving allow list.
The request id "<本机用户名>/resumate/node_modules/.pnpm/@fontsource+geist@5.3.0/node_modules/@fontsource/geist/files/geist-latin-700-normal.woff2" is outside of Vite serving allow list.
The request id "<本机用户名>/resumate/node_modules/.pnpm/@fontsource+geist@5.3.0/node_modules/@fontsource/geist/files/geist-latin-500-normal.woff" is outside of Vite serving allow list.
The request id "<本机用户名>/resumate/node_modules/.pnpm/@fontsource+geist@5.3.0/node_modules/@fontsource/geist/files/geist-latin-700-normal.woff" is outside of Vite serving allow list.
The request id "<本机用户名>/resumate/node_modules/.pnpm/@fontsource+geist@5.3.0/node_modules/@fontsource/geist/files/geist-latin-400-normal.woff2" is outside of Vite serving allow list.
The request id "<本机用户名>/resumate/node_modules/.pnpm/@fontsource+geist@5.3.0/node_modules/@fontsource/geist/files/geist-latin-400-normal.woff" is outside of Vite serving allow list.
The request id "<本机用户名>/resumate/node_modules/.pnpm/@fontsource+geist@5.3.0/node_modules/@fontsource/geist/files/geist-latin-500-normal.woff2" is outside of Vite serving allow list.
The request id "<本机用户名>/resumate/node_modules/.pnpm/@fontsource+geist@5.3.0/node_modules/@fontsource/geist/files/geist-latin-700-normal.woff2" is outside of Vite serving allow list.
The request id "<本机用户名>/resumate/node_modules/.pnpm/@fontsource+geist@5.3.0/node_modules/@fontsource/geist/files/geist-latin-500-normal.woff" is outside of Vite serving allow list.
The request id "<本机用户名>/resumate/node_modules/.pnpm/@fontsource+geist@5.3.0/node_modules/@fontsource/geist/files/geist-latin-700-normal.woff" is outside of Vite serving allow list.
The request id "<本机用户名>/resumate/node_modules/.pnpm/@fontsource+geist@5.3.0/node_modules/@fontsource/geist/files/geist-latin-400-normal.woff2" is outside of Vite serving allow list.
The request id "<本机用户名>/resumate/node_modules/.pnpm/@fontsource+geist@5.3.0/node_modules/@fontsource/geist/files/geist-latin-400-normal.woff" is outside of Vite serving allow list.
The request id "<本机用户名>/resumate/node_modules/.pnpm/@fontsource+geist@5.3.0/node_modules/@fontsource/geist/files/geist-latin-500-normal.woff2" is outside of Vite serving allow list.
The request id "<本机用户名>/resumate/node_modules/.pnpm/@fontsource+geist@5.3.0/node_modules/@fontsource/geist/files/geist-latin-700-normal.woff2" is outside of Vite serving allow list.
The request id "<本机用户名>/resumate/node_modules/.pnpm/@fontsource+geist@5.3.0/node_modules/@fontsource/geist/files/geist-latin-500-normal.woff" is outside of Vite serving allow list.
The request id "<本机用户名>/resumate/node_modules/.pnpm/@fontsource+geist@5.3.0/node_modules/@fontsource/geist/files/geist-latin-700-normal.woff" is outside of Vite serving allow list.
The request id "<本机用户名>/resumate/node_modules/.pnpm/@fontsource+geist@5.3.0/node_modules/@fontsource/geist/files/geist-latin-400-normal.woff2" is outside of Vite serving allow list.
The request id "<本机用户名>/resumate/node_modules/.pnpm/@fontsource+geist@5.3.0/node_modules/@fontsource/geist/files/geist-latin-400-normal.woff" is outside of Vite serving allow list.
The request id "<本机用户名>/resumate/node_modules/.pnpm/@fontsource+geist@5.3.0/node_modules/@fontsource/geist/files/geist-latin-700-normal.woff2" is outside of Vite serving allow list.
The request id "<本机用户名>/resumate/node_modules/.pnpm/@fontsource+geist@5.3.0/node_modules/@fontsource/geist/files/geist-latin-700-normal.woff" is outside of Vite serving allow list.
The request id "<本机用户名>/resumate/node_modules/.pnpm/@fontsource+geist@5.3.0/node_modules/@fontsource/geist/files/geist-latin-500-normal.woff2" is outside of Vite serving allow list.
The request id "<本机用户名>/resumate/node_modules/.pnpm/@fontsource+geist@5.3.0/node_modules/@fontsource/geist/files/geist-latin-500-normal.woff" is outside of Vite serving allow list.
The request id "<本机用户名>/resumate/node_modules/.pnpm/@fontsource+geist@5.3.0/node_modules/@fontsource/geist/files/geist-latin-400-normal.woff2" is outside of Vite serving allow list.
The request id "<本机用户名>/resumate/node_modules/.pnpm/@fontsource+geist@5.3.0/node_modules/@fontsource/geist/files/geist-latin-400-normal.woff" is outside of Vite serving allow list.
The request id "<本机用户名>/resumate/node_modules/.pnpm/@fontsource+geist@5.3.0/node_modules/@fontsource/geist/files/geist-latin-500-normal.woff2" is outside of Vite serving allow list.
The request id "<本机用户名>/resumate/node_modules/.pnpm/@fontsource+geist@5.3.0/node_modules/@fontsource/geist/files/geist-latin-700-normal.woff2" is outside of Vite serving allow list.
The request id "<本机用户名>/resumate/node_modules/.pnpm/@fontsource+geist@5.3.0/node_modules/@fontsource/geist/files/geist-latin-500-normal.woff" is outside of Vite serving allow list.
The request id "<本机用户名>/resumate/node_modules/.pnpm/@fontsource+geist@5.3.0/node_modules/@fontsource/geist/files/geist-latin-700-normal.woff" is outside of Vite serving allow list.
The request id "<本机用户名>/resumate/node_modules/.pnpm/@fontsource+geist@5.3.0/node_modules/@fontsource/geist/files/geist-latin-400-normal.woff2" is outside of Vite serving allow list.
The request id "<本机用户名>/resumate/node_modules/.pnpm/@fontsource+geist@5.3.0/node_modules/@fontsource/geist/files/geist-latin-400-normal.woff" is outside of Vite serving allow list.
The request id "<本机用户名>/resumate/node_modules/.pnpm/@fontsource+geist@5.3.0/node_modules/@fontsource/geist/files/geist-latin-700-normal.woff2" is outside of Vite serving allow list.
The request id "<本机用户名>/resumate/node_modules/.pnpm/@fontsource+geist@5.3.0/node_modules/@fontsource/geist/files/geist-latin-700-normal.woff" is outside of Vite serving allow list.
The request id "<本机用户名>/resumate/node_modules/.pnpm/@fontsource+geist@5.3.0/node_modules/@fontsource/geist/files/geist-latin-500-normal.woff2" is outside of Vite serving allow list.
The request id "<本机用户名>/resumate/node_modules/.pnpm/@fontsource+geist@5.3.0/node_modules/@fontsource/geist/files/geist-latin-500-normal.woff" is outside of Vite serving allow list.
The request id "<本机用户名>/resumate/node_modules/.pnpm/@fontsource+geist@5.3.0/node_modules/@fontsource/geist/files/geist-latin-400-normal.woff2" is outside of Vite serving allow list.
The request id "<本机用户名>/resumate/node_modules/.pnpm/@fontsource+geist@5.3.0/node_modules/@fontsource/geist/files/geist-latin-400-normal.woff" is outside of Vite serving allow list.
The request id "<本机用户名>/resumate/node_modules/.pnpm/@fontsource+geist@5.3.0/node_modules/@fontsource/geist/files/geist-latin-500-normal.woff2" is outside of Vite serving allow list.
The request id "<本机用户名>/resumate/node_modules/.pnpm/@fontsource+geist@5.3.0/node_modules/@fontsource/geist/files/geist-latin-700-normal.woff2" is outside of Vite serving allow list.
The request id "<本机用户名>/resumate/node_modules/.pnpm/@fontsource+geist@5.3.0/node_modules/@fontsource/geist/files/geist-latin-500-normal.woff" is outside of Vite serving allow list.
The request id "<本机用户名>/resumate/node_modules/.pnpm/@fontsource+geist@5.3.0/node_modules/@fontsource/geist/files/geist-latin-700-normal.woff" is outside of Vite serving allow list.
The request id "<本机用户名>/resumate/node_modules/.pnpm/@fontsource+geist@5.3.0/node_modules/@fontsource/geist/files/geist-latin-400-normal.woff2" is outside of Vite serving allow list.
The request id "<本机用户名>/resumate/node_modules/.pnpm/@fontsource+geist@5.3.0/node_modules/@fontsource/geist/files/geist-latin-400-normal.woff" is outside of Vite serving allow list.
The request id "<本机用户名>/resumate/node_modules/.pnpm/@fontsource+geist@5.3.0/node_modules/@fontsource/geist/files/geist-latin-500-normal.woff2" is outside of Vite serving allow list.
The request id "<本机用户名>/resumate/node_modules/.pnpm/@fontsource+geist@5.3.0/node_modules/@fontsource/geist/files/geist-latin-700-normal.woff2" is outside of Vite serving allow list.
The request id "<本机用户名>/resumate/node_modules/.pnpm/@fontsource+geist@5.3.0/node_modules/@fontsource/geist/files/geist-latin-500-normal.woff" is outside of Vite serving allow list.
The request id "<本机用户名>/resumate/node_modules/.pnpm/@fontsource+geist@5.3.0/node_modules/@fontsource/geist/files/geist-latin-700-normal.woff" is outside of Vite serving allow list.
The request id "<本机用户名>/resumate/node_modules/.pnpm/@fontsource+geist@5.3.0/node_modules/@fontsource/geist/files/geist-latin-400-normal.woff2" is outside of Vite serving allow list.
The request id "<本机用户名>/resumate/node_modules/.pnpm/@fontsource+geist@5.3.0/node_modules/@fontsource/geist/files/geist-latin-400-normal.woff" is outside of Vite serving allow list.
The request id "<本机用户名>/resumate/node_modules/.pnpm/@fontsource+geist@5.3.0/node_modules/@fontsource/geist/files/geist-latin-500-normal.woff2" is outside of Vite serving allow list.
The request id "<本机用户名>/resumate/node_modules/.pnpm/@fontsource+geist@5.3.0/node_modules/@fontsource/geist/files/geist-latin-700-normal.woff2" is outside of Vite serving allow list.
The request id "<本机用户名>/resumate/node_modules/.pnpm/@fontsource+geist@5.3.0/node_modules/@fontsource/geist/files/geist-latin-500-normal.woff" is outside of Vite serving allow list.
The request id "<本机用户名>/resumate/node_modules/.pnpm/@fontsource+geist@5.3.0/node_modules/@fontsource/geist/files/geist-latin-700-normal.woff" is outside of Vite serving allow list.
The request id "<本机用户名>/resumate/node_modules/.pnpm/@fontsource+geist@5.3.0/node_modules/@fontsource/geist/files/geist-latin-400-normal.woff2" is outside of Vite serving allow list.
The request id "<本机用户名>/resumate/node_modules/.pnpm/@fontsource+geist@5.3.0/node_modules/@fontsource/geist/files/geist-latin-400-normal.woff" is outside of Vite serving allow list.
The request id "<本机用户名>/resumate/node_modules/.pnpm/@fontsource+geist@5.3.0/node_modules/@fontsource/geist/files/geist-latin-700-normal.woff2" is outside of Vite serving allow list.
The request id "<本机用户名>/resumate/node_modules/.pnpm/@fontsource+geist@5.3.0/node_modules/@fontsource/geist/files/geist-latin-700-normal.woff" is outside of Vite serving allow list.
The request id "<本机用户名>/resumate/node_modules/.pnpm/@fontsource+geist@5.3.0/node_modules/@fontsource/geist/files/geist-latin-400-normal.woff2" is outside of Vite serving allow list.
The request id "<本机用户名>/resumate/node_modules/.pnpm/@fontsource+geist@5.3.0/node_modules/@fontsource/geist/files/geist-latin-400-normal.woff" is outside of Vite serving allow list.
The request id "<本机用户名>/resumate/node_modules/.pnpm/@fontsource+geist@5.3.0/node_modules/@fontsource/geist/files/geist-latin-500-normal.woff2" is outside of Vite serving allow list.
The request id "<本机用户名>/resumate/node_modules/.pnpm/@fontsource+geist@5.3.0/node_modules/@fontsource/geist/files/geist-latin-700-normal.woff2" is outside of Vite serving allow list.
The request id "<本机用户名>/resumate/node_modules/.pnpm/@fontsource+geist@5.3.0/node_modules/@fontsource/geist/files/geist-latin-500-normal.woff" is outside of Vite serving allow list.
The request id "<本机用户名>/resumate/node_modules/.pnpm/@fontsource+geist@5.3.0/node_modules/@fontsource/geist/files/geist-latin-700-normal.woff" is outside of Vite serving allow list.
The request id "<本机用户名>/resumate/node_modules/.pnpm/@fontsource+geist@5.3.0/node_modules/@fontsource/geist/files/geist-latin-500-normal.woff2" is outside of Vite serving allow list.
The request id "<本机用户名>/resumate/node_modules/.pnpm/@fontsource+geist@5.3.0/node_modules/@fontsource/geist/files/geist-latin-500-normal.woff" is outside of Vite serving allow list.
The request id "<本机用户名>/resumate/node_modules/.pnpm/@fontsource+geist@5.3.0/node_modules/@fontsource/geist/files/geist-latin-400-normal.woff2" is outside of Vite serving allow list.
The request id "<本机用户名>/resumate/node_modules/.pnpm/@fontsource+geist@5.3.0/node_modules/@fontsource/geist/files/geist-latin-400-normal.woff" is outside of Vite serving allow list.
The request id "<本机用户名>/resumate/node_modules/.pnpm/@fontsource+geist@5.3.0/node_modules/@fontsource/geist/files/geist-latin-500-normal.woff2" is outside of Vite serving allow list.
The request id "<本机用户名>/resumate/node_modules/.pnpm/@fontsource+geist@5.3.0/node_modules/@fontsource/geist/files/geist-latin-700-normal.woff2" is outside of Vite serving allow list.
The request id "<本机用户名>/resumate/node_modules/.pnpm/@fontsource+geist@5.3.0/node_modules/@fontsource/geist/files/geist-latin-500-normal.woff" is outside of Vite serving allow list.
The request id "<本机用户名>/resumate/node_modules/.pnpm/@fontsource+geist@5.3.0/node_modules/@fontsource/geist/files/geist-latin-700-normal.woff" is outside of Vite serving allow list.
The request id "<本机用户名>/resumate/node_modules/.pnpm/@fontsource+geist@5.3.0/node_modules/@fontsource/geist/files/geist-latin-400-normal.woff2" is outside of Vite serving allow list.
The request id "<本机用户名>/resumate/node_modules/.pnpm/@fontsource+geist@5.3.0/node_modules/@fontsource/geist/files/geist-latin-400-normal.woff" is outside of Vite serving allow list.
The request id "<本机用户名>/resumate/node_modules/.pnpm/@fontsource+geist@5.3.0/node_modules/@fontsource/geist/files/geist-latin-500-normal.woff2" is outside of Vite serving allow list.
The request id "<本机用户名>/resumate/node_modules/.pnpm/@fontsource+geist@5.3.0/node_modules/@fontsource/geist/files/geist-latin-500-normal.woff" is outside of Vite serving allow list.
The request id "<本机用户名>/resumate/node_modules/.pnpm/@fontsource+geist@5.3.0/node_modules/@fontsource/geist/files/geist-latin-700-normal.woff2" is outside of Vite serving allow list.
The request id "<本机用户名>/resumate/node_modules/.pnpm/@fontsource+geist@5.3.0/node_modules/@fontsource/geist/files/geist-latin-700-normal.woff" is outside of Vite serving allow list.
The request id "<本机用户名>/resumate/node_modules/.pnpm/@fontsource+geist@5.3.0/node_modules/@fontsource/geist/files/geist-latin-400-normal.woff2" is outside of Vite serving allow list.
The request id "<本机用户名>/resumate/node_modules/.pnpm/@fontsource+geist@5.3.0/node_modules/@fontsource/geist/files/geist-latin-400-normal.woff" is outside of Vite serving allow list.
The request id "<本机用户名>/resumate/node_modules/.pnpm/@fontsource+geist@5.3.0/node_modules/@fontsource/geist/files/geist-latin-500-normal.woff2" is outside of Vite serving allow list.
The request id "<本机用户名>/resumate/node_modules/.pnpm/@fontsource+geist@5.3.0/node_modules/@fontsource/geist/files/geist-latin-700-normal.woff2" is outside of Vite serving allow list.
The request id "<本机用户名>/resumate/node_modules/.pnpm/@fontsource+geist@5.3.0/node_modules/@fontsource/geist/files/geist-latin-500-normal.woff" is outside of Vite serving allow list.
The request id "<本机用户名>/resumate/node_modules/.pnpm/@fontsource+geist@5.3.0/node_modules/@fontsource/geist/files/geist-latin-700-normal.woff" is outside of Vite serving allow list.
The request id "<本机用户名>/resumate/node_modules/.pnpm/@fontsource+geist@5.3.0/node_modules/@fontsource/geist/files/geist-latin-400-normal.woff2" is outside of Vite serving allow list.
The request id "<本机用户名>/resumate/node_modules/.pnpm/@fontsource+geist@5.3.0/node_modules/@fontsource/geist/files/geist-latin-400-normal.woff" is outside of Vite serving allow list.
The request id "<本机用户名>/resumate/node_modules/.pnpm/@fontsource+geist@5.3.0/node_modules/@fontsource/geist/files/geist-latin-500-normal.woff2" is outside of Vite serving allow list.
The request id "<本机用户名>/resumate/node_modules/.pnpm/@fontsource+geist@5.3.0/node_modules/@fontsource/geist/files/geist-latin-700-normal.woff2" is outside of Vite serving allow list.
The request id "<本机用户名>/resumate/node_modules/.pnpm/@fontsource+geist@5.3.0/node_modules/@fontsource/geist/files/geist-latin-500-normal.woff" is outside of Vite serving allow list.
The request id "<本机用户名>/resumate/node_modules/.pnpm/@fontsource+geist@5.3.0/node_modules/@fontsource/geist/files/geist-latin-700-normal.woff" is outside of Vite serving allow list.
The request id "<本机用户名>/resumate/node_modules/.pnpm/@fontsource+geist@5.3.0/node_modules/@fontsource/geist/files/geist-latin-400-normal.woff2" is outside of Vite serving allow list.
The request id "<本机用户名>/resumate/node_modules/.pnpm/@fontsource+geist@5.3.0/node_modules/@fontsource/geist/files/geist-latin-400-normal.woff" is outside of Vite serving allow list.
The request id "<本机用户名>/resumate/node_modules/.pnpm/@fontsource+geist@5.3.0/node_modules/@fontsource/geist/files/geist-latin-400-normal.woff2" is outside of Vite serving allow list.
The request id "<本机用户名>/resumate/node_modules/.pnpm/@fontsource+geist@5.3.0/node_modules/@fontsource/geist/files/geist-latin-400-normal.woff" is outside of Vite serving allow list.
The request id "<本机用户名>/resumate/node_modules/.pnpm/@fontsource+geist@5.3.0/node_modules/@fontsource/geist/files/geist-latin-500-normal.woff2" is outside of Vite serving allow list.
The request id "<本机用户名>/resumate/node_modules/.pnpm/@fontsource+geist@5.3.0/node_modules/@fontsource/geist/files/geist-latin-700-normal.woff2" is outside of Vite serving allow list.
The request id "<本机用户名>/resumate/node_modules/.pnpm/@fontsource+geist@5.3.0/node_modules/@fontsource/geist/files/geist-latin-500-normal.woff" is outside of Vite serving allow list.
The request id "<本机用户名>/resumate/node_modules/.pnpm/@fontsource+geist@5.3.0/node_modules/@fontsource/geist/files/geist-latin-700-normal.woff" is outside of Vite serving allow list.
The request id "<本机用户名>/resumate/node_modules/.pnpm/@fontsource+geist@5.3.0/node_modules/@fontsource/geist/files/geist-latin-700-normal.woff2" is outside of Vite serving allow list.
The request id "<本机用户名>/resumate/node_modules/.pnpm/@fontsource+geist@5.3.0/node_modules/@fontsource/geist/files/geist-latin-700-normal.woff" is outside of Vite serving allow list.
The request id "<本机用户名>/resumate/node_modules/.pnpm/@fontsource+geist@5.3.0/node_modules/@fontsource/geist/files/geist-latin-500-normal.woff2" is outside of Vite serving allow list.
The request id "<本机用户名>/resumate/node_modules/.pnpm/@fontsource+geist@5.3.0/node_modules/@fontsource/geist/files/geist-latin-500-normal.woff" is outside of Vite serving allow list.
The request id "<本机用户名>/resumate/node_modules/.pnpm/@fontsource+geist@5.3.0/node_modules/@fontsource/geist/files/geist-latin-400-normal.woff2" is outside of Vite serving allow list.
The request id "<本机用户名>/resumate/node_modules/.pnpm/@fontsource+geist@5.3.0/node_modules/@fontsource/geist/files/geist-latin-400-normal.woff" is outside of Vite serving allow list.
The request id "<本机用户名>/resumate/node_modules/.pnpm/@fontsource+geist@5.3.0/node_modules/@fontsource/geist/files/geist-latin-500-normal.woff2" is outside of Vite serving allow list.
The request id "<本机用户名>/resumate/node_modules/.pnpm/@fontsource+geist@5.3.0/node_modules/@fontsource/geist/files/geist-latin-700-normal.woff2" is outside of Vite serving allow list.
The request id "<本机用户名>/resumate/node_modules/.pnpm/@fontsource+geist@5.3.0/node_modules/@fontsource/geist/files/geist-latin-500-normal.woff" is outside of Vite serving allow list.
The request id "<本机用户名>/resumate/node_modules/.pnpm/@fontsource+geist@5.3.0/node_modules/@fontsource/geist/files/geist-latin-700-normal.woff" is outside of Vite serving allow list.
The request id "<本机用户名>/resumate/node_modules/.pnpm/@fontsource+geist@5.3.0/node_modules/@fontsource/geist/files/geist-latin-400-normal.woff2" is outside of Vite serving allow list.
The request id "<本机用户名>/resumate/node_modules/.pnpm/@fontsource+geist@5.3.0/node_modules/@fontsource/geist/files/geist-latin-400-normal.woff" is outside of Vite serving allow list.
The request id "<本机用户名>/resumate/node_modules/.pnpm/@fontsource+geist@5.3.0/node_modules/@fontsource/geist/files/geist-latin-500-normal.woff2" is outside of Vite serving allow list.
The request id "<本机用户名>/resumate/node_modules/.pnpm/@fontsource+geist@5.3.0/node_modules/@fontsource/geist/files/geist-latin-700-normal.woff2" is outside of Vite serving allow list.
The request id "<本机用户名>/resumate/node_modules/.pnpm/@fontsource+geist@5.3.0/node_modules/@fontsource/geist/files/geist-latin-500-normal.woff" is outside of Vite serving allow list.
The request id "<本机用户名>/resumate/node_modules/.pnpm/@fontsource+geist@5.3.0/node_modules/@fontsource/geist/files/geist-latin-700-normal.woff" is outside of Vite serving allow list.
3:01:44 PM [vite] (client) hmr update /src/index.css, /src/pages/resumes.tsx, /src/pages/resume-editor.tsx, /src/pages/resume-versions.tsx, /src/pages/jds.tsx, /src/pages/jd-detail.tsx, /src/pages/profile.tsx, /src/pages/rbac.tsx, /src/pages/templates.tsx, /src/pages/template-editor.tsx, /src/pages/login.tsx, /src/pages/reset-password.tsx, /src/pages/workbench.tsx, /src/pages/verify-email.tsx, /src/components/app-nav.tsx, /src/components/theme-sync.tsx, /src/components/resume-library.tsx, /src/components/resume-editor.tsx and 13 more
The request id "<本机用户名>/resumate/node_modules/.pnpm/@fontsource+geist@5.3.0/node_modules/@fontsource/geist/files/geist-latin-400-normal.woff2" is outside of Vite serving allow list.
The request id "<本机用户名>/resumate/node_modules/.pnpm/@fontsource+geist@5.3.0/node_modules/@fontsource/geist/files/geist-latin-400-normal.woff" is outside of Vite serving allow list.
The request id "<本机用户名>/resumate/node_modules/.pnpm/@fontsource+geist@5.3.0/node_modules/@fontsource/geist/files/geist-latin-500-normal.woff2" is outside of Vite serving allow list.
The request id "<本机用户名>/resumate/node_modules/.pnpm/@fontsource+geist@5.3.0/node_modules/@fontsource/geist/files/geist-latin-700-normal.woff2" is outside of Vite serving allow list.
The request id "<本机用户名>/resumate/node_modules/.pnpm/@fontsource+geist@5.3.0/node_modules/@fontsource/geist/files/geist-latin-500-normal.woff" is outside of Vite serving allow list.
The request id "<本机用户名>/resumate/node_modules/.pnpm/@fontsource+geist@5.3.0/node_modules/@fontsource/geist/files/geist-latin-700-normal.woff" is outside of Vite serving allow list.
The request id "<本机用户名>/resumate/node_modules/.pnpm/@fontsource+geist@5.3.0/node_modules/@fontsource/geist/files/geist-latin-400-normal.woff2" is outside of Vite serving allow list.
The request id "<本机用户名>/resumate/node_modules/.pnpm/@fontsource+geist@5.3.0/node_modules/@fontsource/geist/files/geist-latin-400-normal.woff" is outside of Vite serving allow list.
The request id "<本机用户名>/resumate/node_modules/.pnpm/@fontsource+geist@5.3.0/node_modules/@fontsource/geist/files/geist-latin-500-normal.woff2" is outside of Vite serving allow list.
The request id "<本机用户名>/resumate/node_modules/.pnpm/@fontsource+geist@5.3.0/node_modules/@fontsource/geist/files/geist-latin-700-normal.woff2" is outside of Vite serving allow list.
The request id "<本机用户名>/resumate/node_modules/.pnpm/@fontsource+geist@5.3.0/node_modules/@fontsource/geist/files/geist-latin-500-normal.woff" is outside of Vite serving allow list.
The request id "<本机用户名>/resumate/node_modules/.pnpm/@fontsource+geist@5.3.0/node_modules/@fontsource/geist/files/geist-latin-700-normal.woff" is outside of Vite serving allow list.
The request id "<本机用户名>/resumate/node_modules/.pnpm/@fontsource+geist@5.3.0/node_modules/@fontsource/geist/files/geist-latin-400-normal.woff2" is outside of Vite serving allow list.
The request id "<本机用户名>/resumate/node_modules/.pnpm/@fontsource+geist@5.3.0/node_modules/@fontsource/geist/files/geist-latin-400-normal.woff" is outside of Vite serving allow list.
The request id "<本机用户名>/resumate/node_modules/.pnpm/@fontsource+geist@5.3.0/node_modules/@fontsource/geist/files/geist-latin-700-normal.woff2" is outside of Vite serving allow list.
The request id "<本机用户名>/resumate/node_modules/.pnpm/@fontsource+geist@5.3.0/node_modules/@fontsource/geist/files/geist-latin-700-normal.woff" is outside of Vite serving allow list.
The request id "<本机用户名>/resumate/node_modules/.pnpm/@fontsource+geist@5.3.0/node_modules/@fontsource/geist/files/geist-latin-500-normal.woff2" is outside of Vite serving allow list.
The request id "<本机用户名>/resumate/node_modules/.pnpm/@fontsource+geist@5.3.0/node_modules/@fontsource/geist/files/geist-latin-500-normal.woff" is outside of Vite serving allow list.
The request id "<本机用户名>/resumate/node_modules/.pnpm/@fontsource+geist@5.3.0/node_modules/@fontsource/geist/files/geist-latin-400-normal.woff2" is outside of Vite serving allow list.
The request id "<本机用户名>/resumate/node_modules/.pnpm/@fontsource+geist@5.3.0/node_modules/@fontsource/geist/files/geist-latin-400-normal.woff" is outside of Vite serving allow list.
The request id "<本机用户名>/resumate/node_modules/.pnpm/@fontsource+geist@5.3.0/node_modules/@fontsource/geist/files/geist-latin-500-normal.woff2" is outside of Vite serving allow list.
The request id "<本机用户名>/resumate/node_modules/.pnpm/@fontsource+geist@5.3.0/node_modules/@fontsource/geist/files/geist-latin-700-normal.woff2" is outside of Vite serving allow list.
The request id "<本机用户名>/resumate/node_modules/.pnpm/@fontsource+geist@5.3.0/node_modules/@fontsource/geist/files/geist-latin-500-normal.woff" is outside of Vite serving allow list.
The request id "<本机用户名>/resumate/node_modules/.pnpm/@fontsource+geist@5.3.0/node_modules/@fontsource/geist/files/geist-latin-700-normal.woff" is outside of Vite serving allow list.
The request id "<本机用户名>/resumate/node_modules/.pnpm/@fontsource+geist@5.3.0/node_modules/@fontsource/geist/files/geist-latin-400-normal.woff2" is outside of Vite serving allow list.
The request id "<本机用户名>/resumate/node_modules/.pnpm/@fontsource+geist@5.3.0/node_modules/@fontsource/geist/files/geist-latin-400-normal.woff" is outside of Vite serving allow list.
The request id "<本机用户名>/resumate/node_modules/.pnpm/@fontsource+geist@5.3.0/node_modules/@fontsource/geist/files/geist-latin-500-normal.woff2" is outside of Vite serving allow list.
The request id "<本机用户名>/resumate/node_modules/.pnpm/@fontsource+geist@5.3.0/node_modules/@fontsource/geist/files/geist-latin-700-normal.woff2" is outside of Vite serving allow list.
The request id "<本机用户名>/resumate/node_modules/.pnpm/@fontsource+geist@5.3.0/node_modules/@fontsource/geist/files/geist-latin-500-normal.woff" is outside of Vite serving allow list.
The request id "<本机用户名>/resumate/node_modules/.pnpm/@fontsource+geist@5.3.0/node_modules/@fontsource/geist/files/geist-latin-700-normal.woff" is outside of Vite serving allow list.
The request id "<本机用户名>/resumate/node_modules/.pnpm/@fontsource+geist@5.3.0/node_modules/@fontsource/geist/files/geist-latin-400-normal.woff2" is outside of Vite serving allow list.
The request id "<本机用户名>/resumate/node_modules/.pnpm/@fontsource+geist@5.3.0/node_modules/@fontsource/geist/files/geist-latin-400-normal.woff" is outside of Vite serving allow list.
The request id "<本机用户名>/resumate/node_modules/.pnpm/@fontsource+geist@5.3.0/node_modules/@fontsource/geist/files/geist-latin-700-normal.woff2" is outside of Vite serving allow list.
The request id "<本机用户名>/resumate/node_modules/.pnpm/@fontsource+geist@5.3.0/node_modules/@fontsource/geist/files/geist-latin-700-normal.woff" is outside of Vite serving allow list.
The request id "<本机用户名>/resumate/node_modules/.pnpm/@fontsource+geist@5.3.0/node_modules/@fontsource/geist/files/geist-latin-500-normal.woff2" is outside of Vite serving allow list.
The request id "<本机用户名>/resumate/node_modules/.pnpm/@fontsource+geist@5.3.0/node_modules/@fontsource/geist/files/geist-latin-500-normal.woff" is outside of Vite serving allow list.
The request id "<本机用户名>/resumate/node_modules/.pnpm/@fontsource+geist@5.3.0/node_modules/@fontsource/geist/files/geist-latin-400-normal.woff2" is outside of Vite serving allow list.
The request id "<本机用户名>/resumate/node_modules/.pnpm/@fontsource+geist@5.3.0/node_modules/@fontsource/geist/files/geist-latin-400-normal.woff" is outside of Vite serving allow list.
The request id "<本机用户名>/resumate/node_modules/.pnpm/@fontsource+geist@5.3.0/node_modules/@fontsource/geist/files/geist-latin-500-normal.woff2" is outside of Vite serving allow list.
The request id "<本机用户名>/resumate/node_modules/.pnpm/@fontsource+geist@5.3.0/node_modules/@fontsource/geist/files/geist-latin-700-normal.woff2" is outside of Vite serving allow list.
The request id "<本机用户名>/resumate/node_modules/.pnpm/@fontsource+geist@5.3.0/node_modules/@fontsource/geist/files/geist-latin-500-normal.woff" is outside of Vite serving allow list.
The request id "<本机用户名>/resumate/node_modules/.pnpm/@fontsource+geist@5.3.0/node_modules/@fontsource/geist/files/geist-latin-700-normal.woff" is outside of Vite serving allow list.
The request id "<本机用户名>/resumate/node_modules/.pnpm/@fontsource+geist@5.3.0/node_modules/@fontsource/geist/files/geist-latin-400-normal.woff2" is outside of Vite serving allow list.
The request id "<本机用户名>/resumate/node_modules/.pnpm/@fontsource+geist@5.3.0/node_modules/@fontsource/geist/files/geist-latin-400-normal.woff" is outside of Vite serving allow list.
The request id "<本机用户名>/resumate/node_modules/.pnpm/@fontsource+geist@5.3.0/node_modules/@fontsource/geist/files/geist-latin-500-normal.woff2" is outside of Vite serving allow list.
The request id "<本机用户名>/resumate/node_modules/.pnpm/@fontsource+geist@5.3.0/node_modules/@fontsource/geist/files/geist-latin-700-normal.woff2" is outside of Vite serving allow list.
The request id "<本机用户名>/resumate/node_modules/.pnpm/@fontsource+geist@5.3.0/node_modules/@fontsource/geist/files/geist-latin-500-normal.woff" is outside of Vite serving allow list.
The request id "<本机用户名>/resumate/node_modules/.pnpm/@fontsource+geist@5.3.0/node_modules/@fontsource/geist/files/geist-latin-700-normal.woff" is outside of Vite serving allow list.
The request id "<本机用户名>/resumate/node_modules/.pnpm/@fontsource+geist@5.3.0/node_modules/@fontsource/geist/files/geist-latin-400-normal.woff2" is outside of Vite serving allow list.
The request id "<本机用户名>/resumate/node_modules/.pnpm/@fontsource+geist@5.3.0/node_modules/@fontsource/geist/files/geist-latin-400-normal.woff" is outside of Vite serving allow list.
The request id "<本机用户名>/resumate/node_modules/.pnpm/@fontsource+geist@5.3.0/node_modules/@fontsource/geist/files/geist-latin-500-normal.woff2" is outside of Vite serving allow list.
The request id "<本机用户名>/resumate/node_modules/.pnpm/@fontsource+geist@5.3.0/node_modules/@fontsource/geist/files/geist-latin-700-normal.woff2" is outside of Vite serving allow list.
The request id "<本机用户名>/resumate/node_modules/.pnpm/@fontsource+geist@5.3.0/node_modules/@fontsource/geist/files/geist-latin-500-normal.woff" is outside of Vite serving allow list.
The request id "<本机用户名>/resumate/node_modules/.pnpm/@fontsource+geist@5.3.0/node_modules/@fontsource/geist/files/geist-latin-700-normal.woff" is outside of Vite serving allow list.
The request id "<本机用户名>/resumate/node_modules/.pnpm/@fontsource+geist@5.3.0/node_modules/@fontsource/geist/files/geist-latin-400-normal.woff2" is outside of Vite serving allow list.
The request id "<本机用户名>/resumate/node_modules/.pnpm/@fontsource+geist@5.3.0/node_modules/@fontsource/geist/files/geist-latin-400-normal.woff" is outside of Vite serving allow list.
The request id "<本机用户名>/resumate/node_modules/.pnpm/@fontsource+geist@5.3.0/node_modules/@fontsource/geist/files/geist-latin-500-normal.woff2" is outside of Vite serving allow list.
The request id "<本机用户名>/resumate/node_modules/.pnpm/@fontsource+geist@5.3.0/node_modules/@fontsource/geist/files/geist-latin-700-normal.woff2" is outside of Vite serving allow list.
The request id "<本机用户名>/resumate/node_modules/.pnpm/@fontsource+geist@5.3.0/node_modules/@fontsource/geist/files/geist-latin-500-normal.woff" is outside of Vite serving allow list.
The request id "<本机用户名>/resumate/node_modules/.pnpm/@fontsource+geist@5.3.0/node_modules/@fontsource/geist/files/geist-latin-700-normal.woff" is outside of Vite serving allow list.
The request id "<本机用户名>/resumate/node_modules/.pnpm/@fontsource+geist@5.3.0/node_modules/@fontsource/geist/files/geist-latin-400-normal.woff2" is outside of Vite serving allow list.
The request id "<本机用户名>/resumate/node_modules/.pnpm/@fontsource+geist@5.3.0/node_modules/@fontsource/geist/files/geist-latin-400-normal.woff" is outside of Vite serving allow list.
The request id "<本机用户名>/resumate/node_modules/.pnpm/@fontsource+geist@5.3.0/node_modules/@fontsource/geist/files/geist-latin-500-normal.woff2" is outside of Vite serving allow list.
The request id "<本机用户名>/resumate/node_modules/.pnpm/@fontsource+geist@5.3.0/node_modules/@fontsource/geist/files/geist-latin-700-normal.woff2" is outside of Vite serving allow list.
The request id "<本机用户名>/resumate/node_modules/.pnpm/@fontsource+geist@5.3.0/node_modules/@fontsource/geist/files/geist-latin-500-normal.woff" is outside of Vite serving allow list.
The request id "<本机用户名>/resumate/node_modules/.pnpm/@fontsource+geist@5.3.0/node_modules/@fontsource/geist/files/geist-latin-700-normal.woff" is outside of Vite serving allow list.
The request id "<本机用户名>/resumate/node_modules/.pnpm/@fontsource+geist@5.3.0/node_modules/@fontsource/geist/files/geist-latin-400-normal.woff2" is outside of Vite serving allow list.
The request id "<本机用户名>/resumate/node_modules/.pnpm/@fontsource+geist@5.3.0/node_modules/@fontsource/geist/files/geist-latin-400-normal.woff" is outside of Vite serving allow list.
The request id "<本机用户名>/resumate/node_modules/.pnpm/@fontsource+geist@5.3.0/node_modules/@fontsource/geist/files/geist-latin-500-normal.woff2" is outside of Vite serving allow list.
The request id "<本机用户名>/resumate/node_modules/.pnpm/@fontsource+geist@5.3.0/node_modules/@fontsource/geist/files/geist-latin-700-normal.woff2" is outside of Vite serving allow list.
The request id "<本机用户名>/resumate/node_modules/.pnpm/@fontsource+geist@5.3.0/node_modules/@fontsource/geist/files/geist-latin-500-normal.woff" is outside of Vite serving allow list.
The request id "<本机用户名>/resumate/node_modules/.pnpm/@fontsource+geist@5.3.0/node_modules/@fontsource/geist/files/geist-latin-700-normal.woff" is outside of Vite serving allow list.
The request id "<本机用户名>/resumate/node_modules/.pnpm/@fontsource+geist@5.3.0/node_modules/@fontsource/geist/files/geist-latin-400-normal.woff2" is outside of Vite serving allow list.
The request id "<本机用户名>/resumate/node_modules/.pnpm/@fontsource+geist@5.3.0/node_modules/@fontsource/geist/files/geist-latin-400-normal.woff" is outside of Vite serving allow list.
The request id "<本机用户名>/resumate/node_modules/.pnpm/@fontsource+geist@5.3.0/node_modules/@fontsource/geist/files/geist-latin-500-normal.woff2" is outside of Vite serving allow list.
The request id "<本机用户名>/resumate/node_modules/.pnpm/@fontsource+geist@5.3.0/node_modules/@fontsource/geist/files/geist-latin-700-normal.woff2" is outside of Vite serving allow list.
The request id "<本机用户名>/resumate/node_modules/.pnpm/@fontsource+geist@5.3.0/node_modules/@fontsource/geist/files/geist-latin-500-normal.woff" is outside of Vite serving allow list.
The request id "<本机用户名>/resumate/node_modules/.pnpm/@fontsource+geist@5.3.0/node_modules/@fontsource/geist/files/geist-latin-700-normal.woff" is outside of Vite serving allow list.
The request id "<本机用户名>/resumate/node_modules/.pnpm/@fontsource+geist@5.3.0/node_modules/@fontsource/geist/files/geist-latin-400-normal.woff2" is outside of Vite serving allow list.
The request id "<本机用户名>/resumate/node_modules/.pnpm/@fontsource+geist@5.3.0/node_modules/@fontsource/geist/files/geist-latin-400-normal.woff" is outside of Vite serving allow list.
The request id "<本机用户名>/resumate/node_modules/.pnpm/@fontsource+geist@5.3.0/node_modules/@fontsource/geist/files/geist-latin-500-normal.woff2" is outside of Vite serving allow list.
The request id "<本机用户名>/resumate/node_modules/.pnpm/@fontsource+geist@5.3.0/node_modules/@fontsource/geist/files/geist-latin-700-normal.woff2" is outside of Vite serving allow list.
The request id "<本机用户名>/resumate/node_modules/.pnpm/@fontsource+geist@5.3.0/node_modules/@fontsource/geist/files/geist-latin-500-normal.woff" is outside of Vite serving allow list.
The request id "<本机用户名>/resumate/node_modules/.pnpm/@fontsource+geist@5.3.0/node_modules/@fontsource/geist/files/geist-latin-700-normal.woff" is outside of Vite serving allow list.
3:02:32 PM [vite] (client) hmr update /src/index.css, /src/components/version-history.tsx
3:02:32 PM [vite] (client) hmr update /src/index.css, /src/App.tsx, /src/pages/profile.tsx, /src/pages/login.tsx, /src/pages/reset-password.tsx, /src/pages/verify-email.tsx, /src/pages/resumes.tsx, /src/pages/resume-editor.tsx, /src/pages/resume-versions.tsx, /src/pages/jds.tsx, /src/pages/jd-detail.tsx, /src/pages/rbac.tsx, /src/pages/templates.tsx, /src/pages/template-editor.tsx, /src/pages/workbench.tsx, /src/components/app-nav.tsx, /src/components/theme-sync.tsx, /src/components/resume-library.tsx and 17 more
3:02:32 PM [vite] (client) hmr update /src/index.css, /src/App.tsx, /src/pages/profile.tsx, /src/pages/login.tsx, /src/pages/reset-password.tsx, /src/pages/verify-email.tsx, /src/pages/resumes.tsx, /src/pages/resume-editor.tsx, /src/pages/resume-versions.tsx, /src/pages/jds.tsx, /src/pages/jd-detail.tsx, /src/pages/rbac.tsx, /src/pages/templates.tsx, /src/pages/template-editor.tsx, /src/pages/workbench.tsx, /src/components/app-nav.tsx, /src/components/theme-sync.tsx, /src/components/resume-library.tsx and 17 more
3:02:32 PM [vite] (client) hmr invalidate /src/components/profile-assistant.tsx Could not Fast Refresh ("buildConversation" export is incompatible). Learn more at https://github.com/vitejs/vite-plugin-react/tree/main/packages/plugin-react#consistent-components-exports
3:02:32 PM [vite] (client) hmr update /src/components/profile-workspace.tsx
3:02:36 PM [vite] (client) hmr update /src/index.css, /src/App.tsx, /src/pages/profile.tsx, /src/pages/login.tsx, /src/pages/reset-password.tsx, /src/pages/verify-email.tsx, /src/pages/resumes.tsx, /src/pages/resume-editor.tsx, /src/pages/resume-versions.tsx, /src/pages/jds.tsx, /src/pages/jd-detail.tsx, /src/pages/rbac.tsx, /src/pages/templates.tsx, /src/pages/template-editor.tsx, /src/pages/workbench.tsx, /src/components/app-nav.tsx, /src/components/theme-sync.tsx, /src/components/resume-library.tsx and 18 more
3:02:36 PM [vite] (client) hmr update /src/index.css, /src/App.tsx, /src/pages/profile.tsx, /src/pages/login.tsx, /src/pages/reset-password.tsx, /src/pages/verify-email.tsx, /src/pages/resumes.tsx, /src/pages/resume-editor.tsx, /src/pages/resume-versions.tsx, /src/pages/jds.tsx, /src/pages/jd-detail.tsx, /src/pages/rbac.tsx, /src/pages/templates.tsx, /src/pages/template-editor.tsx, /src/pages/workbench.tsx, /src/components/app-nav.tsx, /src/components/theme-sync.tsx, /src/components/resume-library.tsx and 18 more
3:02:36 PM [vite] (client) hmr invalidate /src/components/profile-assistant.tsx Could not Fast Refresh ("buildConversation" export is incompatible). Learn more at https://github.com/vitejs/vite-plugin-react/tree/main/packages/plugin-react#consistent-components-exports
3:02:36 PM [vite] (client) hmr update /src/components/profile-workspace.tsx
The request id "<本机用户名>/resumate/node_modules/.pnpm/@fontsource+geist@5.3.0/node_modules/@fontsource/geist/files/geist-latin-400-normal.woff2" is outside of Vite serving allow list.
The request id "<本机用户名>/resumate/node_modules/.pnpm/@fontsource+geist@5.3.0/node_modules/@fontsource/geist/files/geist-latin-400-normal.woff" is outside of Vite serving allow list.
The request id "<本机用户名>/resumate/node_modules/.pnpm/@fontsource+geist@5.3.0/node_modules/@fontsource/geist/files/geist-latin-700-normal.woff2" is outside of Vite serving allow list.
The request id "<本机用户名>/resumate/node_modules/.pnpm/@fontsource+geist@5.3.0/node_modules/@fontsource/geist/files/geist-latin-700-normal.woff" is outside of Vite serving allow list.
The request id "<本机用户名>/resumate/node_modules/.pnpm/@fontsource+geist@5.3.0/node_modules/@fontsource/geist/files/geist-latin-500-normal.woff2" is outside of Vite serving allow list.
The request id "<本机用户名>/resumate/node_modules/.pnpm/@fontsource+geist@5.3.0/node_modules/@fontsource/geist/files/geist-latin-500-normal.woff" is outside of Vite serving allow list.
The request id "<本机用户名>/resumate/node_modules/.pnpm/@fontsource+geist@5.3.0/node_modules/@fontsource/geist/files/geist-latin-400-normal.woff2" is outside of Vite serving allow list.
The request id "<本机用户名>/resumate/node_modules/.pnpm/@fontsource+geist@5.3.0/node_modules/@fontsource/geist/files/geist-latin-400-normal.woff" is outside of Vite serving allow list.
The request id "<本机用户名>/resumate/node_modules/.pnpm/@fontsource+geist@5.3.0/node_modules/@fontsource/geist/files/geist-latin-500-normal.woff2" is outside of Vite serving allow list.
The request id "<本机用户名>/resumate/node_modules/.pnpm/@fontsource+geist@5.3.0/node_modules/@fontsource/geist/files/geist-latin-700-normal.woff2" is outside of Vite serving allow list.
The request id "<本机用户名>/resumate/node_modules/.pnpm/@fontsource+geist@5.3.0/node_modules/@fontsource/geist/files/geist-latin-500-normal.woff" is outside of Vite serving allow list.
The request id "<本机用户名>/resumate/node_modules/.pnpm/@fontsource+geist@5.3.0/node_modules/@fontsource/geist/files/geist-latin-700-normal.woff" is outside of Vite serving allow list.
3:02:52 PM [vite] (client) hmr update /src/index.css, /src/App.tsx, /src/pages/profile.tsx, /src/pages/login.tsx, /src/pages/reset-password.tsx, /src/pages/verify-email.tsx, /src/pages/resumes.tsx, /src/pages/resume-editor.tsx, /src/pages/resume-versions.tsx, /src/pages/jds.tsx, /src/pages/jd-detail.tsx, /src/pages/rbac.tsx, /src/pages/templates.tsx, /src/pages/template-editor.tsx, /src/pages/workbench.tsx, /src/components/app-nav.tsx, /src/components/theme-sync.tsx, /src/components/resume-library.tsx and 18 more
3:02:52 PM [vite] (client) hmr update /src/index.css, /src/App.tsx, /src/pages/profile.tsx, /src/pages/login.tsx, /src/pages/reset-password.tsx, /src/pages/verify-email.tsx, /src/pages/resumes.tsx, /src/pages/resume-editor.tsx, /src/pages/resume-versions.tsx, /src/pages/jds.tsx, /src/pages/jd-detail.tsx, /src/pages/rbac.tsx, /src/pages/templates.tsx, /src/pages/template-editor.tsx, /src/pages/workbench.tsx, /src/components/app-nav.tsx, /src/components/theme-sync.tsx, /src/components/resume-library.tsx and 18 more
3:02:52 PM [vite] (client) hmr invalidate /src/components/profile-assistant.tsx Could not Fast Refresh ("buildConversation" export is incompatible). Learn more at https://github.com/vitejs/vite-plugin-react/tree/main/packages/plugin-react#consistent-components-exports
3:02:52 PM [vite] (client) hmr update /src/components/profile-workspace.tsx
The request id "<本机用户名>/resumate/node_modules/.pnpm/@fontsource+geist@5.3.0/node_modules/@fontsource/geist/files/geist-latin-400-normal.woff2" is outside of Vite serving allow list.
The request id "<本机用户名>/resumate/node_modules/.pnpm/@fontsource+geist@5.3.0/node_modules/@fontsource/geist/files/geist-latin-400-normal.woff" is outside of Vite serving allow list.
3:02:56 PM [vite] http proxy error: /auth/me
AggregateError [ECONNREFUSED]: 
    at internalConnectMultiple (node:net:1194:18)
    at afterConnectMultiple (node:net:1784:7)
The request id "<本机用户名>/resumate/node_modules/.pnpm/@fontsource+geist@5.3.0/node_modules/@fontsource/geist/files/geist-latin-700-normal.woff2" is outside of Vite serving allow list.
The request id "<本机用户名>/resumate/node_modules/.pnpm/@fontsource+geist@5.3.0/node_modules/@fontsource/geist/files/geist-latin-700-normal.woff" is outside of Vite serving allow list.
3:02:57 PM [vite] http proxy error: /auth/login
AggregateError [ECONNREFUSED]: 
    at internalConnectMultiple (node:net:1194:18)
    at afterConnectMultiple (node:net:1784:7)
3:02:58 PM [vite] (client) hmr update /src/index.css, /src/App.tsx, /src/pages/profile.tsx, /src/pages/login.tsx, /src/pages/reset-password.tsx, /src/pages/verify-email.tsx, /src/pages/resumes.tsx, /src/pages/resume-editor.tsx, /src/pages/resume-versions.tsx, /src/pages/jds.tsx, /src/pages/jd-detail.tsx, /src/pages/rbac.tsx, /src/pages/templates.tsx, /src/pages/template-editor.tsx, /src/pages/workbench.tsx, /src/components/app-nav.tsx, /src/components/theme-sync.tsx, /src/components/resume-library.tsx and 18 more
3:02:58 PM [vite] (client) hmr update /src/index.css, /src/App.tsx, /src/pages/profile.tsx, /src/pages/login.tsx, /src/pages/reset-password.tsx, /src/pages/verify-email.tsx, /src/pages/resumes.tsx, /src/pages/resume-editor.tsx, /src/pages/resume-versions.tsx, /src/pages/jds.tsx, /src/pages/jd-detail.tsx, /src/pages/rbac.tsx, /src/pages/templates.tsx, /src/pages/template-editor.tsx, /src/pages/workbench.tsx, /src/components/app-nav.tsx, /src/components/theme-sync.tsx, /src/components/resume-library.tsx and 18 more
3:02:59 PM [vite] (client) hmr invalidate /src/components/profile-assistant.tsx Could not Fast Refresh ("buildConversation" export is incompatible). Learn more at https://github.com/vitejs/vite-plugin-react/tree/main/packages/plugin-react#consistent-components-exports
3:02:59 PM [vite] (client) hmr update /src/components/profile-workspace.tsx
3:02:59 PM [vite] http proxy error: /auth/me
AggregateError [ECONNREFUSED]: 
    at internalConnectMultiple (node:net:1194:18)
    at afterConnectMultiple (node:net:1784:7)
3:03:01 PM [vite] (client) hmr update /src/index.css, /src/App.tsx, /src/pages/profile.tsx, /src/pages/login.tsx, /src/pages/reset-password.tsx, /src/pages/verify-email.tsx, /src/pages/resumes.tsx, /src/pages/resume-editor.tsx, /src/pages/resume-versions.tsx, /src/pages/jds.tsx, /src/pages/jd-detail.tsx, /src/pages/rbac.tsx, /src/pages/templates.tsx, /src/pages/template-editor.tsx, /src/pages/workbench.tsx, /src/components/app-nav.tsx, /src/components/theme-sync.tsx, /src/components/resume-library.tsx and 18 more
3:03:01 PM [vite] (client) hmr update /src/index.css, /src/App.tsx, /src/pages/profile.tsx, /src/pages/login.tsx, /src/pages/reset-password.tsx, /src/pages/verify-email.tsx, /src/pages/resumes.tsx, /src/pages/resume-editor.tsx, /src/pages/resume-versions.tsx, /src/pages/jds.tsx, /src/pages/jd-detail.tsx, /src/pages/rbac.tsx, /src/pages/templates.tsx, /src/pages/template-editor.tsx, /src/pages/workbench.tsx, /src/components/app-nav.tsx, /src/components/theme-sync.tsx, /src/components/resume-library.tsx and 18 more
3:03:01 PM [vite] (client) hmr invalidate /src/components/profile-assistant.tsx Could not Fast Refresh ("buildConversation" export is incompatible). Learn more at https://github.com/vitejs/vite-plugin-react/tree/main/packages/plugin-react#consistent-components-exports
3:03:01 PM [vite] (client) hmr update /src/components/profile-workspace.tsx
3:03:01 PM [vite] http proxy error: /auth/me
AggregateError [ECONNREFUSED]: 
    at internalConnectMultiple (node:net:1194:18)
    at afterConnectMultiple (node:net:1784:7)
3:03:01 PM [vite] http proxy error: /auth/me
AggregateError [ECONNREFUSED]: 
    at internalConnectMultiple (node:net:1194:18)
    at afterConnectMultiple (node:net:1784:7)
The request id "<本机用户名>/resumate/node_modules/.pnpm/@fontsource+geist@5.3.0/node_modules/@fontsource/geist/files/geist-latin-400-normal.woff2" is outside of Vite serving allow list.
The request id "<本机用户名>/resumate/node_modules/.pnpm/@fontsource+geist@5.3.0/node_modules/@fontsource/geist/files/geist-latin-400-normal.woff" is outside of Vite serving allow list.
The request id "<本机用户名>/resumate/node_modules/.pnpm/@fontsource+geist@5.3.0/node_modules/@fontsource/geist/files/geist-latin-700-normal.woff2" is outside of Vite serving allow list.
The request id "<本机用户名>/resumate/node_modules/.pnpm/@fontsource+geist@5.3.0/node_modules/@fontsource/geist/files/geist-latin-700-normal.woff" is outside of Vite serving allow list.
The request id "<本机用户名>/resumate/node_modules/.pnpm/@fontsource+geist@5.3.0/node_modules/@fontsource/geist/files/geist-latin-400-normal.woff2" is outside of Vite serving allow list.
The request id "<本机用户名>/resumate/node_modules/.pnpm/@fontsource+geist@5.3.0/node_modules/@fontsource/geist/files/geist-latin-400-normal.woff" is outside of Vite serving allow list.
The request id "<本机用户名>/resumate/node_modules/.pnpm/@fontsource+geist@5.3.0/node_modules/@fontsource/geist/files/geist-latin-500-normal.woff2" is outside of Vite serving allow list.
The request id "<本机用户名>/resumate/node_modules/.pnpm/@fontsource+geist@5.3.0/node_modules/@fontsource/geist/files/geist-latin-700-normal.woff2" is outside of Vite serving allow list.
The request id "<本机用户名>/resumate/node_modules/.pnpm/@fontsource+geist@5.3.0/node_modules/@fontsource/geist/files/geist-latin-500-normal.woff" is outside of Vite serving allow list.
The request id "<本机用户名>/resumate/node_modules/.pnpm/@fontsource+geist@5.3.0/node_modules/@fontsource/geist/files/geist-latin-700-normal.woff" is outside of Vite serving allow list.
The request id "<本机用户名>/resumate/node_modules/.pnpm/@fontsource+geist@5.3.0/node_modules/@fontsource/geist/files/geist-latin-400-normal.woff2" is outside of Vite serving allow list.
The request id "<本机用户名>/resumate/node_modules/.pnpm/@fontsource+geist@5.3.0/node_modules/@fontsource/geist/files/geist-latin-400-normal.woff" is outside of Vite serving allow list.
The request id "<本机用户名>/resumate/node_modules/.pnpm/@fontsource+geist@5.3.0/node_modules/@fontsource/geist/files/geist-latin-500-normal.woff2" is outside of Vite serving allow list.
The request id "<本机用户名>/resumate/node_modules/.pnpm/@fontsource+geist@5.3.0/node_modules/@fontsource/geist/files/geist-latin-700-normal.woff2" is outside of Vite serving allow list.
The request id "<本机用户名>/resumate/node_modules/.pnpm/@fontsource+geist@5.3.0/node_modules/@fontsource/geist/files/geist-latin-500-normal.woff" is outside of Vite serving allow list.
The request id "<本机用户名>/resumate/node_modules/.pnpm/@fontsource+geist@5.3.0/node_modules/@fontsource/geist/files/geist-latin-700-normal.woff" is outside of Vite serving allow list.
The request id "<本机用户名>/resumate/node_modules/.pnpm/@fontsource+geist@5.3.0/node_modules/@fontsource/geist/files/geist-latin-400-normal.woff2" is outside of Vite serving allow list.
The request id "<本机用户名>/resumate/node_modules/.pnpm/@fontsource+geist@5.3.0/node_modules/@fontsource/geist/files/geist-latin-400-normal.woff" is outside of Vite serving allow list.
The request id "<本机用户名>/resumate/node_modules/.pnpm/@fontsource+geist@5.3.0/node_modules/@fontsource/geist/files/geist-latin-500-normal.woff2" is outside of Vite serving allow list.
The request id "<本机用户名>/resumate/node_modules/.pnpm/@fontsource+geist@5.3.0/node_modules/@fontsource/geist/files/geist-latin-700-normal.woff2" is outside of Vite serving allow list.
The request id "<本机用户名>/resumate/node_modules/.pnpm/@fontsource+geist@5.3.0/node_modules/@fontsource/geist/files/geist-latin-500-normal.woff" is outside of Vite serving allow list.
The request id "<本机用户名>/resumate/node_modules/.pnpm/@fontsource+geist@5.3.0/node_modules/@fontsource/geist/files/geist-latin-700-normal.woff" is outside of Vite serving allow list.
3:03:11 PM [vite] (client) hmr update /src/index.css, /src/App.tsx, /src/pages/profile.tsx, /src/pages/login.tsx, /src/pages/reset-password.tsx, /src/pages/verify-email.tsx, /src/pages/resumes.tsx, /src/pages/resume-editor.tsx, /src/pages/resume-versions.tsx, /src/pages/jds.tsx, /src/pages/jd-detail.tsx, /src/pages/rbac.tsx, /src/pages/templates.tsx, /src/pages/template-editor.tsx, /src/pages/workbench.tsx, /src/components/app-nav.tsx, /src/components/theme-sync.tsx, /src/components/resume-library.tsx and 18 more
3:03:12 PM [vite] (client) hmr invalidate /src/components/profile-assistant.tsx Could not Fast Refresh ("buildConversation" export is incompatible). Learn more at https://github.com/vitejs/vite-plugin-react/tree/main/packages/plugin-react#consistent-components-exports
3:03:12 PM [vite] (client) hmr update /src/components/profile-workspace.tsx
The request id "<本机用户名>/resumate/node_modules/.pnpm/@fontsource+geist@5.3.0/node_modules/@fontsource/geist/files/geist-latin-400-normal.woff2" is outside of Vite serving allow list.
The request id "<本机用户名>/resumate/node_modules/.pnpm/@fontsource+geist@5.3.0/node_modules/@fontsource/geist/files/geist-latin-400-normal.woff" is outside of Vite serving allow list.
The request id "<本机用户名>/resumate/node_modules/.pnpm/@fontsource+geist@5.3.0/node_modules/@fontsource/geist/files/geist-latin-500-normal.woff2" is outside of Vite serving allow list.
The request id "<本机用户名>/resumate/node_modules/.pnpm/@fontsource+geist@5.3.0/node_modules/@fontsource/geist/files/geist-latin-700-normal.woff2" is outside of Vite serving allow list.
The request id "<本机用户名>/resumate/node_modules/.pnpm/@fontsource+geist@5.3.0/node_modules/@fontsource/geist/files/geist-latin-500-normal.woff" is outside of Vite serving allow list.
The request id "<本机用户名>/resumate/node_modules/.pnpm/@fontsource+geist@5.3.0/node_modules/@fontsource/geist/files/geist-latin-700-normal.woff" is outside of Vite serving allow list.
The request id "<本机用户名>/resumate/node_modules/.pnpm/@fontsource+geist@5.3.0/node_modules/@fontsource/geist/files/geist-latin-400-normal.woff2" is outside of Vite serving allow list.
The request id "<本机用户名>/resumate/node_modules/.pnpm/@fontsource+geist@5.3.0/node_modules/@fontsource/geist/files/geist-latin-400-normal.woff" is outside of Vite serving allow list.
The request id "<本机用户名>/resumate/node_modules/.pnpm/@fontsource+geist@5.3.0/node_modules/@fontsource/geist/files/geist-latin-700-normal.woff2" is outside of Vite serving allow list.
The request id "<本机用户名>/resumate/node_modules/.pnpm/@fontsource+geist@5.3.0/node_modules/@fontsource/geist/files/geist-latin-700-normal.woff" is outside of Vite serving allow list.
The request id "<本机用户名>/resumate/node_modules/.pnpm/@fontsource+geist@5.3.0/node_modules/@fontsource/geist/files/geist-latin-400-normal.woff2" is outside of Vite serving allow list.
The request id "<本机用户名>/resumate/node_modules/.pnpm/@fontsource+geist@5.3.0/node_modules/@fontsource/geist/files/geist-latin-400-normal.woff" is outside of Vite serving allow list.
The request id "<本机用户名>/resumate/node_modules/.pnpm/@fontsource+geist@5.3.0/node_modules/@fontsource/geist/files/geist-latin-500-normal.woff2" is outside of Vite serving allow list.
The request id "<本机用户名>/resumate/node_modules/.pnpm/@fontsource+geist@5.3.0/node_modules/@fontsource/geist/files/geist-latin-700-normal.woff2" is outside of Vite serving allow list.
The request id "<本机用户名>/resumate/node_modules/.pnpm/@fontsource+geist@5.3.0/node_modules/@fontsource/geist/files/geist-latin-500-normal.woff" is outside of Vite serving allow list.
The request id "<本机用户名>/resumate/node_modules/.pnpm/@fontsource+geist@5.3.0/node_modules/@fontsource/geist/files/geist-latin-700-normal.woff" is outside of Vite serving allow list.
3:03:25 PM [vite] (client) hmr update /src/index.css, /src/App.tsx, /src/pages/profile.tsx, /src/pages/login.tsx, /src/pages/reset-password.tsx, /src/pages/verify-email.tsx, /src/pages/resumes.tsx, /src/pages/resume-editor.tsx, /src/pages/resume-versions.tsx, /src/pages/jds.tsx, /src/pages/jd-detail.tsx, /src/pages/rbac.tsx, /src/pages/templates.tsx, /src/pages/template-editor.tsx, /src/pages/workbench.tsx, /src/components/app-nav.tsx, /src/components/theme-sync.tsx, /src/components/resume-library.tsx and 18 more
3:03:25 PM [vite] (client) hmr invalidate /src/components/profile-assistant.tsx Could not Fast Refresh ("buildConversation" export is incompatible). Learn more at https://github.com/vitejs/vite-plugin-react/tree/main/packages/plugin-react#consistent-components-exports
3:03:25 PM [vite] (client) hmr update /src/components/profile-workspace.tsx
The request id "<本机用户名>/resumate/node_modules/.pnpm/@fontsource+geist@5.3.0/node_modules/@fontsource/geist/files/geist-latin-400-normal.woff2" is outside of Vite serving allow list.
The request id "<本机用户名>/resumate/node_modules/.pnpm/@fontsource+geist@5.3.0/node_modules/@fontsource/geist/files/geist-latin-400-normal.woff" is outside of Vite serving allow list.
The request id "<本机用户名>/resumate/node_modules/.pnpm/@fontsource+geist@5.3.0/node_modules/@fontsource/geist/files/geist-latin-700-normal.woff2" is outside of Vite serving allow list.
The request id "<本机用户名>/resumate/node_modules/.pnpm/@fontsource+geist@5.3.0/node_modules/@fontsource/geist/files/geist-latin-700-normal.woff" is outside of Vite serving allow list.
The request id "<本机用户名>/resumate/node_modules/.pnpm/@fontsource+geist@5.3.0/node_modules/@fontsource/geist/files/geist-latin-400-normal.woff2" is outside of Vite serving allow list.
The request id "<本机用户名>/resumate/node_modules/.pnpm/@fontsource+geist@5.3.0/node_modules/@fontsource/geist/files/geist-latin-400-normal.woff" is outside of Vite serving allow list.
The request id "<本机用户名>/resumate/node_modules/.pnpm/@fontsource+geist@5.3.0/node_modules/@fontsource/geist/files/geist-latin-500-normal.woff2" is outside of Vite serving allow list.
The request id "<本机用户名>/resumate/node_modules/.pnpm/@fontsource+geist@5.3.0/node_modules/@fontsource/geist/files/geist-latin-700-normal.woff2" is outside of Vite serving allow list.
The request id "<本机用户名>/resumate/node_modules/.pnpm/@fontsource+geist@5.3.0/node_modules/@fontsource/geist/files/geist-latin-500-normal.woff" is outside of Vite serving allow list.
The request id "<本机用户名>/resumate/node_modules/.pnpm/@fontsource+geist@5.3.0/node_modules/@fontsource/geist/files/geist-latin-700-normal.woff" is outside of Vite serving allow list.
3:03:36 PM [vite] (client) hmr update /src/index.css, /src/App.tsx, /src/pages/profile.tsx, /src/pages/login.tsx, /src/pages/reset-password.tsx, /src/pages/verify-email.tsx, /src/pages/resumes.tsx, /src/pages/resume-editor.tsx, /src/pages/resume-versions.tsx, /src/pages/jds.tsx, /src/pages/jd-detail.tsx, /src/pages/rbac.tsx, /src/pages/templates.tsx, /src/pages/template-editor.tsx, /src/pages/workbench.tsx, /src/components/app-nav.tsx, /src/components/theme-sync.tsx, /src/components/resume-library.tsx and 18 more
3:03:36 PM [vite] (client) hmr update /src/index.css, /src/App.tsx, /src/pages/profile.tsx, /src/pages/login.tsx, /src/pages/reset-password.tsx, /src/pages/verify-email.tsx, /src/pages/resumes.tsx, /src/pages/resume-editor.tsx, /src/pages/resume-versions.tsx, /src/pages/jds.tsx, /src/pages/jd-detail.tsx, /src/pages/rbac.tsx, /src/pages/templates.tsx, /src/pages/template-editor.tsx, /src/pages/workbench.tsx, /src/components/app-nav.tsx, /src/components/theme-sync.tsx, /src/components/resume-library.tsx and 18 more
3:03:36 PM [vite] (client) hmr invalidate /src/components/profile-assistant.tsx Could not Fast Refresh ("buildConversation" export is incompatible). Learn more at https://github.com/vitejs/vite-plugin-react/tree/main/packages/plugin-react#consistent-components-exports
3:03:36 PM [vite] (client) hmr update /src/components/profile-workspace.tsx
The request id "<本机用户名>/resumate/node_modules/.pnpm/@fontsource+geist@5.3.0/node_modules/@fontsource/geist/files/geist-latin-400-normal.woff2" is outside of Vite serving allow list.
The request id "<本机用户名>/resumate/node_modules/.pnpm/@fontsource+geist@5.3.0/node_modules/@fontsource/geist/files/geist-latin-400-normal.woff" is outside of Vite serving allow list.
The request id "<本机用户名>/resumate/node_modules/.pnpm/@fontsource+geist@5.3.0/node_modules/@fontsource/geist/files/geist-latin-500-normal.woff2" is outside of Vite serving allow list.
The request id "<本机用户名>/resumate/node_modules/.pnpm/@fontsource+geist@5.3.0/node_modules/@fontsource/geist/files/geist-latin-700-normal.woff2" is outside of Vite serving allow list.
The request id "<本机用户名>/resumate/node_modules/.pnpm/@fontsource+geist@5.3.0/node_modules/@fontsource/geist/files/geist-latin-700-normal.woff" is outside of Vite serving allow list.
The request id "<本机用户名>/resumate/node_modules/.pnpm/@fontsource+geist@5.3.0/node_modules/@fontsource/geist/files/geist-latin-500-normal.woff" is outside of Vite serving allow list.
The request id "<本机用户名>/resumate/node_modules/.pnpm/@fontsource+geist@5.3.0/node_modules/@fontsource/geist/files/geist-latin-400-normal.woff2" is outside of Vite serving allow list.
The request id "<本机用户名>/resumate/node_modules/.pnpm/@fontsource+geist@5.3.0/node_modules/@fontsource/geist/files/geist-latin-400-normal.woff" is outside of Vite serving allow list.
The request id "<本机用户名>/resumate/node_modules/.pnpm/@fontsource+geist@5.3.0/node_modules/@fontsource/geist/files/geist-latin-500-normal.woff2" is outside of Vite serving allow list.
The request id "<本机用户名>/resumate/node_modules/.pnpm/@fontsource+geist@5.3.0/node_modules/@fontsource/geist/files/geist-latin-700-normal.woff2" is outside of Vite serving allow list.
The request id "<本机用户名>/resumate/node_modules/.pnpm/@fontsource+geist@5.3.0/node_modules/@fontsource/geist/files/geist-latin-500-normal.woff" is outside of Vite serving allow list.
The request id "<本机用户名>/resumate/node_modules/.pnpm/@fontsource+geist@5.3.0/node_modules/@fontsource/geist/files/geist-latin-700-normal.woff" is outside of Vite serving allow list.
The request id "<本机用户名>/resumate/node_modules/.pnpm/@fontsource+geist@5.3.0/node_modules/@fontsource/geist/files/geist-latin-400-normal.woff2" is outside of Vite serving allow list.
The request id "<本机用户名>/resumate/node_modules/.pnpm/@fontsource+geist@5.3.0/node_modules/@fontsource/geist/files/geist-latin-400-normal.woff" is outside of Vite serving allow list.
The request id "<本机用户名>/resumate/node_modules/.pnpm/@fontsource+geist@5.3.0/node_modules/@fontsource/geist/files/geist-latin-500-normal.woff2" is outside of Vite serving allow list.
The request id "<本机用户名>/resumate/node_modules/.pnpm/@fontsource+geist@5.3.0/node_modules/@fontsource/geist/files/geist-latin-700-normal.woff2" is outside of Vite serving allow list.
The request id "<本机用户名>/resumate/node_modules/.pnpm/@fontsource+geist@5.3.0/node_modules/@fontsource/geist/files/geist-latin-500-normal.woff" is outside of Vite serving allow list.
The request id "<本机用户名>/resumate/node_modules/.pnpm/@fontsource+geist@5.3.0/node_modules/@fontsource/geist/files/geist-latin-700-normal.woff" is outside of Vite serving allow list.
The request id "<本机用户名>/resumate/node_modules/.pnpm/@fontsource+geist@5.3.0/node_modules/@fontsource/geist/files/geist-latin-400-normal.woff2" is outside of Vite serving allow list.
The request id "<本机用户名>/resumate/node_modules/.pnpm/@fontsource+geist@5.3.0/node_modules/@fontsource/geist/files/geist-latin-400-normal.woff" is outside of Vite serving allow list.
The request id "<本机用户名>/resumate/node_modules/.pnpm/@fontsource+geist@5.3.0/node_modules/@fontsource/geist/files/geist-latin-700-normal.woff2" is outside of Vite serving allow list.
The request id "<本机用户名>/resumate/node_modules/.pnpm/@fontsource+geist@5.3.0/node_modules/@fontsource/geist/files/geist-latin-700-normal.woff" is outside of Vite serving allow list.
The request id "<本机用户名>/resumate/node_modules/.pnpm/@fontsource+geist@5.3.0/node_modules/@fontsource/geist/files/geist-latin-500-normal.woff2" is outside of Vite serving allow list.
The request id "<本机用户名>/resumate/node_modules/.pnpm/@fontsource+geist@5.3.0/node_modules/@fontsource/geist/files/geist-latin-500-normal.woff" is outside of Vite serving allow list.
The request id "<本机用户名>/resumate/node_modules/.pnpm/@fontsource+geist@5.3.0/node_modules/@fontsource/geist/files/geist-latin-400-normal.woff2" is outside of Vite serving allow list.
The request id "<本机用户名>/resumate/node_modules/.pnpm/@fontsource+geist@5.3.0/node_modules/@fontsource/geist/files/geist-latin-400-normal.woff" is outside of Vite serving allow list.
The request id "<本机用户名>/resumate/node_modules/.pnpm/@fontsource+geist@5.3.0/node_modules/@fontsource/geist/files/geist-latin-500-normal.woff2" is outside of Vite serving allow list.
The request id "<本机用户名>/resumate/node_modules/.pnpm/@fontsource+geist@5.3.0/node_modules/@fontsource/geist/files/geist-latin-700-normal.woff2" is outside of Vite serving allow list.
The request id "<本机用户名>/resumate/node_modules/.pnpm/@fontsource+geist@5.3.0/node_modules/@fontsource/geist/files/geist-latin-500-normal.woff" is outside of Vite serving allow list.
The request id "<本机用户名>/resumate/node_modules/.pnpm/@fontsource+geist@5.3.0/node_modules/@fontsource/geist/files/geist-latin-700-normal.woff" is outside of Vite serving allow list.
3:04:02 PM [vite] (client) hmr update /src/index.css
3:04:03 PM [vite] (client) hmr update /src/index.css
The request id "<本机用户名>/resumate/node_modules/.pnpm/@fontsource+geist@5.3.0/node_modules/@fontsource/geist/files/geist-latin-400-normal.woff2" is outside of Vite serving allow list.
The request id "<本机用户名>/resumate/node_modules/.pnpm/@fontsource+geist@5.3.0/node_modules/@fontsource/geist/files/geist-latin-400-normal.woff" is outside of Vite serving allow list.
The request id "<本机用户名>/resumate/node_modules/.pnpm/@fontsource+geist@5.3.0/node_modules/@fontsource/geist/files/geist-latin-700-normal.woff2" is outside of Vite serving allow list.
The request id "<本机用户名>/resumate/node_modules/.pnpm/@fontsource+geist@5.3.0/node_modules/@fontsource/geist/files/geist-latin-700-normal.woff" is outside of Vite serving allow list.
3:04:13 PM [vite] (client) hmr update /src/index.css
3:04:13 PM [vite] (client) hmr update /src/index.css
The request id "<本机用户名>/resumate/node_modules/.pnpm/@fontsource+geist@5.3.0/node_modules/@fontsource/geist/files/geist-latin-500-normal.woff2" is outside of Vite serving allow list.
The request id "<本机用户名>/resumate/node_modules/.pnpm/@fontsource+geist@5.3.0/node_modules/@fontsource/geist/files/geist-latin-500-normal.woff" is outside of Vite serving allow list.
3:04:13 PM [vite] (client) hmr update /src/index.css
3:04:13 PM [vite] (client) hmr update /src/index.css
3:04:13 PM [vite] (client) hmr update /src/index.css
The request id "<本机用户名>/resumate/node_modules/.pnpm/@fontsource+geist@5.3.0/node_modules/@fontsource/geist/files/geist-latin-400-normal.woff2" is outside of Vite serving allow list.
The request id "<本机用户名>/resumate/node_modules/.pnpm/@fontsource+geist@5.3.0/node_modules/@fontsource/geist/files/geist-latin-400-normal.woff" is outside of Vite serving allow list.
The request id "<本机用户名>/resumate/node_modules/.pnpm/@fontsource+geist@5.3.0/node_modules/@fontsource/geist/files/geist-latin-500-normal.woff2" is outside of Vite serving allow list.
The request id "<本机用户名>/resumate/node_modules/.pnpm/@fontsource+geist@5.3.0/node_modules/@fontsource/geist/files/geist-latin-700-normal.woff2" is outside of Vite serving allow list.
The request id "<本机用户名>/resumate/node_modules/.pnpm/@fontsource+geist@5.3.0/node_modules/@fontsource/geist/files/geist-latin-500-normal.woff" is outside of Vite serving allow list.
The request id "<本机用户名>/resumate/node_modules/.pnpm/@fontsource+geist@5.3.0/node_modules/@fontsource/geist/files/geist-latin-700-normal.woff" is outside of Vite serving allow list.
3:04:15 PM [vite] (client) hmr update /src/index.css
The request id "<本机用户名>/resumate/node_modules/.pnpm/@fontsource+geist@5.3.0/node_modules/@fontsource/geist/files/geist-latin-400-normal.woff2" is outside of Vite serving allow list.
The request id "<本机用户名>/resumate/node_modules/.pnpm/@fontsource+geist@5.3.0/node_modules/@fontsource/geist/files/geist-latin-400-normal.woff" is outside of Vite serving allow list.
The request id "<本机用户名>/resumate/node_modules/.pnpm/@fontsource+geist@5.3.0/node_modules/@fontsource/geist/files/geist-latin-500-normal.woff2" is outside of Vite serving allow list.
The request id "<本机用户名>/resumate/node_modules/.pnpm/@fontsource+geist@5.3.0/node_modules/@fontsource/geist/files/geist-latin-700-normal.woff2" is outside of Vite serving allow list.
The request id "<本机用户名>/resumate/node_modules/.pnpm/@fontsource+geist@5.3.0/node_modules/@fontsource/geist/files/geist-latin-500-normal.woff" is outside of Vite serving allow list.
The request id "<本机用户名>/resumate/node_modules/.pnpm/@fontsource+geist@5.3.0/node_modules/@fontsource/geist/files/geist-latin-700-normal.woff" is outside of Vite serving allow list.
The request id "<本机用户名>/resumate/node_modules/.pnpm/@fontsource+geist@5.3.0/node_modules/@fontsource/geist/files/geist-latin-400-normal.woff2" is outside of Vite serving allow list.
The request id "<本机用户名>/resumate/node_modules/.pnpm/@fontsource+geist@5.3.0/node_modules/@fontsource/geist/files/geist-latin-400-normal.woff" is outside of Vite serving allow list.
The request id "<本机用户名>/resumate/node_modules/.pnpm/@fontsource+geist@5.3.0/node_modules/@fontsource/geist/files/geist-latin-700-normal.woff2" is outside of Vite serving allow list.
The request id "<本机用户名>/resumate/node_modules/.pnpm/@fontsource+geist@5.3.0/node_modules/@fontsource/geist/files/geist-latin-700-normal.woff" is outside of Vite serving allow list.
3:04:31 PM [vite] (client) hmr update /src/index.css
3:04:37 PM [vite] (client) hmr update /src/index.css
The request id "<本机用户名>/resumate/node_modules/.pnpm/@fontsource+geist@5.3.0/node_modules/@fontsource/geist/files/geist-latin-400-normal.woff2" is outside of Vite serving allow list.
The request id "<本机用户名>/resumate/node_modules/.pnpm/@fontsource+geist@5.3.0/node_modules/@fontsource/geist/files/geist-latin-400-normal.woff" is outside of Vite serving allow list.
The request id "<本机用户名>/resumate/node_modules/.pnpm/@fontsource+geist@5.3.0/node_modules/@fontsource/geist/files/geist-latin-700-normal.woff2" is outside of Vite serving allow list.
The request id "<本机用户名>/resumate/node_modules/.pnpm/@fontsource+geist@5.3.0/node_modules/@fontsource/geist/files/geist-latin-700-normal.woff" is outside of Vite serving allow list.
The request id "<本机用户名>/resumate/node_modules/.pnpm/@fontsource+geist@5.3.0/node_modules/@fontsource/geist/files/geist-latin-500-normal.woff2" is outside of Vite serving allow list.
The request id "<本机用户名>/resumate/node_modules/.pnpm/@fontsource+geist@5.3.0/node_modules/@fontsource/geist/files/geist-latin-500-normal.woff" is outside of Vite serving allow list.
3:04:51 PM [vite] (client) hmr update /src/index.css
3:04:55 PM [vite] (client) hmr update /src/index.css
3:05:09 PM [vite] (client) hmr update /src/index.css, /src/App.tsx, /src/pages/profile.tsx, /src/pages/login.tsx, /src/pages/reset-password.tsx, /src/pages/verify-email.tsx, /src/pages/resumes.tsx, /src/pages/resume-editor.tsx, /src/pages/resume-versions.tsx, /src/pages/jds.tsx, /src/pages/jd-detail.tsx, /src/pages/rbac.tsx, /src/pages/templates.tsx, /src/pages/template-editor.tsx, /src/pages/workbench.tsx, /src/components/app-nav.tsx, /src/components/theme-sync.tsx, /src/components/resume-library.tsx and 18 more
3:05:09 PM [vite] (client) hmr update /src/index.css, /src/App.tsx, /src/pages/profile.tsx, /src/pages/login.tsx, /src/pages/reset-password.tsx, /src/pages/verify-email.tsx, /src/pages/resumes.tsx, /src/pages/resume-editor.tsx, /src/pages/resume-versions.tsx, /src/pages/jds.tsx, /src/pages/jd-detail.tsx, /src/pages/rbac.tsx, /src/pages/templates.tsx, /src/pages/template-editor.tsx, /src/pages/workbench.tsx, /src/components/app-nav.tsx, /src/components/theme-sync.tsx, /src/components/resume-library.tsx and 18 more
3:05:17 PM [vite] (client) hmr update /src/index.css, /src/App.tsx, /src/pages/profile.tsx, /src/pages/login.tsx, /src/pages/reset-password.tsx, /src/pages/verify-email.tsx, /src/pages/resumes.tsx, /src/pages/resume-editor.tsx, /src/pages/resume-versions.tsx, /src/pages/jds.tsx, /src/pages/jd-detail.tsx, /src/pages/rbac.tsx, /src/pages/templates.tsx, /src/pages/template-editor.tsx, /src/pages/workbench.tsx, /src/components/app-nav.tsx, /src/components/theme-sync.tsx, /src/components/resume-library.tsx and 18 more
3:05:17 PM [vite] (client) hmr update /src/index.css, /src/App.tsx, /src/pages/profile.tsx, /src/pages/login.tsx, /src/pages/reset-password.tsx, /src/pages/verify-email.tsx, /src/pages/resumes.tsx, /src/pages/resume-editor.tsx, /src/pages/resume-versions.tsx, /src/pages/jds.tsx, /src/pages/jd-detail.tsx, /src/pages/rbac.tsx, /src/pages/templates.tsx, /src/pages/template-editor.tsx, /src/pages/workbench.tsx, /src/components/app-nav.tsx, /src/components/theme-sync.tsx, /src/components/resume-library.tsx and 18 more
3:05:27 PM [vite] (client) hmr update /src/index.css, /src/App.tsx, /src/pages/profile.tsx, /src/pages/login.tsx, /src/pages/reset-password.tsx, /src/pages/verify-email.tsx, /src/pages/resumes.tsx, /src/pages/resume-editor.tsx, /src/pages/resume-versions.tsx, /src/pages/jds.tsx, /src/pages/jd-detail.tsx, /src/pages/rbac.tsx, /src/pages/templates.tsx, /src/pages/template-editor.tsx, /src/pages/workbench.tsx, /src/components/app-nav.tsx, /src/components/theme-sync.tsx, /src/components/resume-library.tsx and 18 more
3:05:27 PM [vite] (client) hmr update /src/index.css, /src/App.tsx, /src/pages/profile.tsx, /src/pages/login.tsx, /src/pages/reset-password.tsx, /src/pages/verify-email.tsx, /src/pages/resumes.tsx, /src/pages/resume-editor.tsx, /src/pages/resume-versions.tsx, /src/pages/jds.tsx, /src/pages/jd-detail.tsx, /src/pages/rbac.tsx, /src/pages/templates.tsx, /src/pages/template-editor.tsx, /src/pages/workbench.tsx, /src/components/app-nav.tsx, /src/components/theme-sync.tsx, /src/components/resume-library.tsx and 18 more
3:05:34 PM [vite] (client) hmr update /src/index.css, /src/App.tsx, /src/pages/profile.tsx, /src/pages/login.tsx, /src/pages/reset-password.tsx, /src/pages/verify-email.tsx, /src/pages/resumes.tsx, /src/pages/resume-editor.tsx, /src/pages/resume-versions.tsx, /src/pages/jds.tsx, /src/pages/jd-detail.tsx, /src/pages/rbac.tsx, /src/pages/templates.tsx, /src/pages/template-editor.tsx, /src/pages/workbench.tsx, /src/components/app-nav.tsx, /src/components/theme-sync.tsx, /src/components/resume-library.tsx and 18 more
3:05:35 PM [vite] (client) hmr update /src/index.css, /src/App.tsx, /src/pages/profile.tsx, /src/pages/login.tsx, /src/pages/reset-password.tsx, /src/pages/verify-email.tsx, /src/pages/resumes.tsx, /src/pages/resume-editor.tsx, /src/pages/resume-versions.tsx, /src/pages/jds.tsx, /src/pages/jd-detail.tsx, /src/pages/rbac.tsx, /src/pages/templates.tsx, /src/pages/template-editor.tsx, /src/pages/workbench.tsx, /src/components/app-nav.tsx, /src/components/theme-sync.tsx, /src/components/resume-library.tsx and 18 more
3:06:01 PM [vite] (client) hmr update /src/index.css
3:06:29 PM [vite] (client) hmr update /src/index.css
3:07:07 PM [vite] (client) hmr update /src/index.css
3:07:32 PM [vite] (client) hmr update /src/index.css
3:07:51 PM [vite] (client) hmr update /src/index.css
3:08:19 PM [vite] (client) hmr update /src/index.css, /src/components/backup-panel.tsx
The request id "<本机用户名>/resumate/node_modules/.pnpm/@fontsource+geist@5.3.0/node_modules/@fontsource/geist/files/geist-latin-400-normal.woff2" is outside of Vite serving allow list.
The request id "<本机用户名>/resumate/node_modules/.pnpm/@fontsource+geist@5.3.0/node_modules/@fontsource/geist/files/geist-latin-400-normal.woff" is outside of Vite serving allow list.
The request id "<本机用户名>/resumate/node_modules/.pnpm/@fontsource+geist@5.3.0/node_modules/@fontsource/geist/files/geist-latin-700-normal.woff2" is outside of Vite serving allow list.
The request id "<本机用户名>/resumate/node_modules/.pnpm/@fontsource+geist@5.3.0/node_modules/@fontsource/geist/files/geist-latin-700-normal.woff" is outside of Vite serving allow list.
The request id "<本机用户名>/resumate/node_modules/.pnpm/@fontsource+geist@5.3.0/node_modules/@fontsource/geist/files/geist-latin-500-normal.woff2" is outside of Vite serving allow list.
The request id "<本机用户名>/resumate/node_modules/.pnpm/@fontsource+geist@5.3.0/node_modules/@fontsource/geist/files/geist-latin-500-normal.woff" is outside of Vite serving allow list.
The request id "<本机用户名>/resumate/node_modules/.pnpm/@fontsource+geist@5.3.0/node_modules/@fontsource/geist/files/geist-latin-400-normal.woff2" is outside of Vite serving allow list.
The request id "<本机用户名>/resumate/node_modules/.pnpm/@fontsource+geist@5.3.0/node_modules/@fontsource/geist/files/geist-latin-400-normal.woff" is outside of Vite serving allow list.
The request id "<本机用户名>/resumate/node_modules/.pnpm/@fontsource+geist@5.3.0/node_modules/@fontsource/geist/files/geist-latin-500-normal.woff2" is outside of Vite serving allow list.
The request id "<本机用户名>/resumate/node_modules/.pnpm/@fontsource+geist@5.3.0/node_modules/@fontsource/geist/files/geist-latin-700-normal.woff2" is outside of Vite serving allow list.
The request id "<本机用户名>/resumate/node_modules/.pnpm/@fontsource+geist@5.3.0/node_modules/@fontsource/geist/files/geist-latin-500-normal.woff" is outside of Vite serving allow list.
The request id "<本机用户名>/resumate/node_modules/.pnpm/@fontsource+geist@5.3.0/node_modules/@fontsource/geist/files/geist-latin-700-normal.woff" is outside of Vite serving allow list.
The request id "<本机用户名>/resumate/node_modules/.pnpm/@fontsource+geist@5.3.0/node_modules/@fontsource/geist/files/geist-latin-400-normal.woff2" is outside of Vite serving allow list.
The request id "<本机用户名>/resumate/node_modules/.pnpm/@fontsource+geist@5.3.0/node_modules/@fontsource/geist/files/geist-latin-400-normal.woff" is outside of Vite serving allow list.
The request id "<本机用户名>/resumate/node_modules/.pnpm/@fontsource+geist@5.3.0/node_modules/@fontsource/geist/files/geist-latin-500-normal.woff2" is outside of Vite serving allow list.
The request id "<本机用户名>/resumate/node_modules/.pnpm/@fontsource+geist@5.3.0/node_modules/@fontsource/geist/files/geist-latin-700-normal.woff2" is outside of Vite serving allow list.
The request id "<本机用户名>/resumate/node_modules/.pnpm/@fontsource+geist@5.3.0/node_modules/@fontsource/geist/files/geist-latin-500-normal.woff" is outside of Vite serving allow list.
The request id "<本机用户名>/resumate/node_modules/.pnpm/@fontsource+geist@5.3.0/node_modules/@fontsource/geist/files/geist-latin-700-normal.woff" is outside of Vite serving allow list.
3:08:58 PM [vite] (client) hmr update /src/index.css, /src/pages/resumes.tsx, /src/pages/resume-editor.tsx, /src/pages/resume-versions.tsx, /src/pages/jds.tsx, /src/pages/jd-detail.tsx, /src/pages/profile.tsx, /src/pages/rbac.tsx, /src/pages/templates.tsx, /src/pages/template-editor.tsx, /src/pages/login.tsx, /src/pages/reset-password.tsx, /src/pages/workbench.tsx, /src/pages/verify-email.tsx, /src/components/app-nav.tsx, /src/components/theme-sync.tsx, /src/components/resume-library.tsx, /src/components/resume-editor.tsx and 14 more
3:08:59 PM [vite] (client) hmr update /src/index.css, /src/pages/resumes.tsx, /src/pages/resume-editor.tsx, /src/pages/resume-versions.tsx, /src/pages/jds.tsx, /src/pages/jd-detail.tsx, /src/pages/profile.tsx, /src/pages/rbac.tsx, /src/pages/templates.tsx, /src/pages/template-editor.tsx, /src/pages/login.tsx, /src/pages/reset-password.tsx, /src/pages/workbench.tsx, /src/pages/verify-email.tsx, /src/components/app-nav.tsx, /src/components/theme-sync.tsx, /src/components/resume-library.tsx, /src/components/resume-editor.tsx and 14 more
The request id "<本机用户名>/resumate/node_modules/.pnpm/@fontsource+geist@5.3.0/node_modules/@fontsource/geist/files/geist-latin-400-normal.woff2" is outside of Vite serving allow list.
The request id "<本机用户名>/resumate/node_modules/.pnpm/@fontsource+geist@5.3.0/node_modules/@fontsource/geist/files/geist-latin-400-normal.woff" is outside of Vite serving allow list.
The request id "<本机用户名>/resumate/node_modules/.pnpm/@fontsource+geist@5.3.0/node_modules/@fontsource/geist/files/geist-latin-700-normal.woff2" is outside of Vite serving allow list.
The request id "<本机用户名>/resumate/node_modules/.pnpm/@fontsource+geist@5.3.0/node_modules/@fontsource/geist/files/geist-latin-700-normal.woff" is outside of Vite serving allow list.
The request id "<本机用户名>/resumate/node_modules/.pnpm/@fontsource+geist@5.3.0/node_modules/@fontsource/geist/files/geist-latin-500-normal.woff2" is outside of Vite serving allow list.
The request id "<本机用户名>/resumate/node_modules/.pnpm/@fontsource+geist@5.3.0/node_modules/@fontsource/geist/files/geist-latin-500-normal.woff" is outside of Vite serving allow list.
The request id "<本机用户名>/resumate/node_modules/.pnpm/@fontsource+geist@5.3.0/node_modules/@fontsource/geist/files/geist-latin-400-normal.woff2" is outside of Vite serving allow list.
The request id "<本机用户名>/resumate/node_modules/.pnpm/@fontsource+geist@5.3.0/node_modules/@fontsource/geist/files/geist-latin-400-normal.woff" is outside of Vite serving allow list.
The request id "<本机用户名>/resumate/node_modules/.pnpm/@fontsource+geist@5.3.0/node_modules/@fontsource/geist/files/geist-latin-500-normal.woff2" is outside of Vite serving allow list.
The request id "<本机用户名>/resumate/node_modules/.pnpm/@fontsource+geist@5.3.0/node_modules/@fontsource/geist/files/geist-latin-700-normal.woff2" is outside of Vite serving allow list.
The request id "<本机用户名>/resumate/node_modules/.pnpm/@fontsource+geist@5.3.0/node_modules/@fontsource/geist/files/geist-latin-500-normal.woff" is outside of Vite serving allow list.
The request id "<本机用户名>/resumate/node_modules/.pnpm/@fontsource+geist@5.3.0/node_modules/@fontsource/geist/files/geist-latin-700-normal.woff" is outside of Vite serving allow list.
The request id "<本机用户名>/resumate/node_modules/.pnpm/@fontsource+geist@5.3.0/node_modules/@fontsource/geist/files/geist-latin-400-normal.woff2" is outside of Vite serving allow list.
The request id "<本机用户名>/resumate/node_modules/.pnpm/@fontsource+geist@5.3.0/node_modules/@fontsource/geist/files/geist-latin-400-normal.woff" is outside of Vite serving allow list.
The request id "<本机用户名>/resumate/node_modules/.pnpm/@fontsource+geist@5.3.0/node_modules/@fontsource/geist/files/geist-latin-500-normal.woff2" is outside of Vite serving allow list.
The request id "<本机用户名>/resumate/node_modules/.pnpm/@fontsource+geist@5.3.0/node_modules/@fontsource/geist/files/geist-latin-700-normal.woff2" is outside of Vite serving allow list.
The request id "<本机用户名>/resumate/node_modules/.pnpm/@fontsource+geist@5.3.0/node_modules/@fontsource/geist/files/geist-latin-500-normal.woff" is outside of Vite serving allow list.
The request id "<本机用户名>/resumate/node_modules/.pnpm/@fontsource+geist@5.3.0/node_modules/@fontsource/geist/files/geist-latin-700-normal.woff" is outside of Vite serving allow list.
3:09:08 PM [vite] (client) hmr update /src/index.css, /src/App.tsx, /src/pages/profile.tsx, /src/pages/login.tsx, /src/pages/reset-password.tsx, /src/pages/verify-email.tsx, /src/pages/resumes.tsx, /src/pages/resume-editor.tsx, /src/pages/resume-versions.tsx, /src/pages/jds.tsx, /src/pages/jd-detail.tsx, /src/pages/rbac.tsx, /src/pages/templates.tsx, /src/pages/template-editor.tsx, /src/pages/workbench.tsx, /src/components/app-nav.tsx, /src/components/theme-sync.tsx, /src/components/resume-library.tsx and 18 more
3:09:08 PM [vite] (client) hmr invalidate /src/components/profile-assistant.tsx Could not Fast Refresh ("buildConversation" export is incompatible). Learn more at https://github.com/vitejs/vite-plugin-react/tree/main/packages/plugin-react#consistent-components-exports
3:09:08 PM [vite] (client) hmr update /src/components/profile-workspace.tsx
The request id "<本机用户名>/resumate/node_modules/.pnpm/@fontsource+geist@5.3.0/node_modules/@fontsource/geist/files/geist-latin-400-normal.woff2" is outside of Vite serving allow list.
The request id "<本机用户名>/resumate/node_modules/.pnpm/@fontsource+geist@5.3.0/node_modules/@fontsource/geist/files/geist-latin-400-normal.woff" is outside of Vite serving allow list.
The request id "<本机用户名>/resumate/node_modules/.pnpm/@fontsource+geist@5.3.0/node_modules/@fontsource/geist/files/geist-latin-500-normal.woff2" is outside of Vite serving allow list.
The request id "<本机用户名>/resumate/node_modules/.pnpm/@fontsource+geist@5.3.0/node_modules/@fontsource/geist/files/geist-latin-700-normal.woff2" is outside of Vite serving allow list.
The request id "<本机用户名>/resumate/node_modules/.pnpm/@fontsource+geist@5.3.0/node_modules/@fontsource/geist/files/geist-latin-500-normal.woff" is outside of Vite serving allow list.
The request id "<本机用户名>/resumate/node_modules/.pnpm/@fontsource+geist@5.3.0/node_modules/@fontsource/geist/files/geist-latin-700-normal.woff" is outside of Vite serving allow list.
3:09:12 PM [vite] (client) hmr update /src/index.css, /src/App.tsx, /src/pages/profile.tsx, /src/pages/login.tsx, /src/pages/reset-password.tsx, /src/pages/verify-email.tsx, /src/pages/resumes.tsx, /src/pages/resume-editor.tsx, /src/pages/resume-versions.tsx, /src/pages/jds.tsx, /src/pages/jd-detail.tsx, /src/pages/rbac.tsx, /src/pages/templates.tsx, /src/pages/template-editor.tsx, /src/pages/workbench.tsx, /src/components/app-nav.tsx, /src/components/theme-sync.tsx, /src/components/resume-library.tsx and 18 more
3:09:12 PM [vite] (client) hmr invalidate /src/components/profile-assistant.tsx Could not Fast Refresh ("buildConversation" export is incompatible). Learn more at https://github.com/vitejs/vite-plugin-react/tree/main/packages/plugin-react#consistent-components-exports
3:09:12 PM [vite] (client) hmr update /src/components/profile-workspace.tsx
The request id "<本机用户名>/resumate/node_modules/.pnpm/@fontsource+geist@5.3.0/node_modules/@fontsource/geist/files/geist-latin-400-normal.woff2" is outside of Vite serving allow list.
The request id "<本机用户名>/resumate/node_modules/.pnpm/@fontsource+geist@5.3.0/node_modules/@fontsource/geist/files/geist-latin-400-normal.woff" is outside of Vite serving allow list.
The request id "<本机用户名>/resumate/node_modules/.pnpm/@fontsource+geist@5.3.0/node_modules/@fontsource/geist/files/geist-latin-500-normal.woff2" is outside of Vite serving allow list.
The request id "<本机用户名>/resumate/node_modules/.pnpm/@fontsource+geist@5.3.0/node_modules/@fontsource/geist/files/geist-latin-700-normal.woff2" is outside of Vite serving allow list.
The request id "<本机用户名>/resumate/node_modules/.pnpm/@fontsource+geist@5.3.0/node_modules/@fontsource/geist/files/geist-latin-500-normal.woff" is outside of Vite serving allow list.
The request id "<本机用户名>/resumate/node_modules/.pnpm/@fontsource+geist@5.3.0/node_modules/@fontsource/geist/files/geist-latin-700-normal.woff" is outside of Vite serving allow list.
The request id "<本机用户名>/resumate/node_modules/.pnpm/@fontsource+geist@5.3.0/node_modules/@fontsource/geist/files/geist-latin-400-normal.woff2" is outside of Vite serving allow list.
The request id "<本机用户名>/resumate/node_modules/.pnpm/@fontsource+geist@5.3.0/node_modules/@fontsource/geist/files/geist-latin-400-normal.woff" is outside of Vite serving allow list.
The request id "<本机用户名>/resumate/node_modules/.pnpm/@fontsource+geist@5.3.0/node_modules/@fontsource/geist/files/geist-latin-500-normal.woff2" is outside of Vite serving allow list.
The request id "<本机用户名>/resumate/node_modules/.pnpm/@fontsource+geist@5.3.0/node_modules/@fontsource/geist/files/geist-latin-700-normal.woff2" is outside of Vite serving allow list.
The request id "<本机用户名>/resumate/node_modules/.pnpm/@fontsource+geist@5.3.0/node_modules/@fontsource/geist/files/geist-latin-500-normal.woff" is outside of Vite serving allow list.
The request id "<本机用户名>/resumate/node_modules/.pnpm/@fontsource+geist@5.3.0/node_modules/@fontsource/geist/files/geist-latin-700-normal.woff" is outside of Vite serving allow list.
The request id "<本机用户名>/resumate/node_modules/.pnpm/@fontsource+geist@5.3.0/node_modules/@fontsource/geist/files/geist-latin-400-normal.woff2" is outside of Vite serving allow list.
The request id "<本机用户名>/resumate/node_modules/.pnpm/@fontsource+geist@5.3.0/node_modules/@fontsource/geist/files/geist-latin-400-normal.woff" is outside of Vite serving allow list.
The request id "<本机用户名>/resumate/node_modules/.pnpm/@fontsource+geist@5.3.0/node_modules/@fontsource/geist/files/geist-latin-500-normal.woff2" is outside of Vite serving allow list.
The request id "<本机用户名>/resumate/node_modules/.pnpm/@fontsource+geist@5.3.0/node_modules/@fontsource/geist/files/geist-latin-700-normal.woff2" is outside of Vite serving allow list.
The request id "<本机用户名>/resumate/node_modules/.pnpm/@fontsource+geist@5.3.0/node_modules/@fontsource/geist/files/geist-latin-500-normal.woff" is outside of Vite serving allow list.
The request id "<本机用户名>/resumate/node_modules/.pnpm/@fontsource+geist@5.3.0/node_modules/@fontsource/geist/files/geist-latin-700-normal.woff" is outside of Vite serving allow list.
3:09:18 PM [vite] (client) hmr update /src/index.css, /src/App.tsx, /src/pages/profile.tsx, /src/pages/login.tsx, /src/pages/reset-password.tsx, /src/pages/verify-email.tsx, /src/pages/resumes.tsx, /src/pages/resume-editor.tsx, /src/pages/resume-versions.tsx, /src/pages/jds.tsx, /src/pages/jd-detail.tsx, /src/pages/rbac.tsx, /src/pages/templates.tsx, /src/pages/template-editor.tsx, /src/pages/workbench.tsx, /src/components/app-nav.tsx, /src/components/theme-sync.tsx, /src/components/resume-library.tsx and 18 more
3:09:18 PM [vite] (client) hmr update /src/index.css, /src/App.tsx, /src/pages/profile.tsx, /src/pages/login.tsx, /src/pages/reset-password.tsx, /src/pages/verify-email.tsx, /src/pages/resumes.tsx, /src/pages/resume-editor.tsx, /src/pages/resume-versions.tsx, /src/pages/jds.tsx, /src/pages/jd-detail.tsx, /src/pages/rbac.tsx, /src/pages/templates.tsx, /src/pages/template-editor.tsx, /src/pages/workbench.tsx, /src/components/app-nav.tsx, /src/components/theme-sync.tsx, /src/components/resume-library.tsx and 18 more
3:09:18 PM [vite] (client) hmr invalidate /src/components/profile-assistant.tsx Could not Fast Refresh ("buildConversation" export is incompatible). Learn more at https://github.com/vitejs/vite-plugin-react/tree/main/packages/plugin-react#consistent-components-exports
3:09:18 PM [vite] (client) hmr update /src/components/profile-workspace.tsx
The request id "<本机用户名>/resumate/node_modules/.pnpm/@fontsource+geist@5.3.0/node_modules/@fontsource/geist/files/geist-latin-400-normal.woff2" is outside of Vite serving allow list.
The request id "<本机用户名>/resumate/node_modules/.pnpm/@fontsource+geist@5.3.0/node_modules/@fontsource/geist/files/geist-latin-400-normal.woff" is outside of Vite serving allow list.
The request id "<本机用户名>/resumate/node_modules/.pnpm/@fontsource+geist@5.3.0/node_modules/@fontsource/geist/files/geist-latin-500-normal.woff2" is outside of Vite serving allow list.
The request id "<本机用户名>/resumate/node_modules/.pnpm/@fontsource+geist@5.3.0/node_modules/@fontsource/geist/files/geist-latin-700-normal.woff2" is outside of Vite serving allow list.
The request id "<本机用户名>/resumate/node_modules/.pnpm/@fontsource+geist@5.3.0/node_modules/@fontsource/geist/files/geist-latin-500-normal.woff" is outside of Vite serving allow list.
The request id "<本机用户名>/resumate/node_modules/.pnpm/@fontsource+geist@5.3.0/node_modules/@fontsource/geist/files/geist-latin-700-normal.woff" is outside of Vite serving allow list.
The request id "<本机用户名>/resumate/node_modules/.pnpm/@fontsource+geist@5.3.0/node_modules/@fontsource/geist/files/geist-latin-400-normal.woff2" is outside of Vite serving allow list.
The request id "<本机用户名>/resumate/node_modules/.pnpm/@fontsource+geist@5.3.0/node_modules/@fontsource/geist/files/geist-latin-400-normal.woff" is outside of Vite serving allow list.
The request id "<本机用户名>/resumate/node_modules/.pnpm/@fontsource+geist@5.3.0/node_modules/@fontsource/geist/files/geist-latin-500-normal.woff2" is outside of Vite serving allow list.
The request id "<本机用户名>/resumate/node_modules/.pnpm/@fontsource+geist@5.3.0/node_modules/@fontsource/geist/files/geist-latin-700-normal.woff2" is outside of Vite serving allow list.
The request id "<本机用户名>/resumate/node_modules/.pnpm/@fontsource+geist@5.3.0/node_modules/@fontsource/geist/files/geist-latin-500-normal.woff" is outside of Vite serving allow list.
The request id "<本机用户名>/resumate/node_modules/.pnpm/@fontsource+geist@5.3.0/node_modules/@fontsource/geist/files/geist-latin-700-normal.woff" is outside of Vite serving allow list.
3:09:22 PM [vite] (client) hmr update /src/index.css, /src/App.tsx, /src/pages/profile.tsx, /src/pages/login.tsx, /src/pages/reset-password.tsx, /src/pages/verify-email.tsx, /src/pages/resumes.tsx, /src/pages/resume-editor.tsx, /src/pages/resume-versions.tsx, /src/pages/jds.tsx, /src/pages/jd-detail.tsx, /src/pages/rbac.tsx, /src/pages/templates.tsx, /src/pages/template-editor.tsx, /src/pages/workbench.tsx, /src/components/app-nav.tsx, /src/components/theme-sync.tsx, /src/components/resume-library.tsx and 18 more
3:09:22 PM [vite] (client) hmr update /src/index.css, /src/App.tsx, /src/pages/profile.tsx, /src/pages/login.tsx, /src/pages/reset-password.tsx, /src/pages/verify-email.tsx, /src/pages/resumes.tsx, /src/pages/resume-editor.tsx, /src/pages/resume-versions.tsx, /src/pages/jds.tsx, /src/pages/jd-detail.tsx, /src/pages/rbac.tsx, /src/pages/templates.tsx, /src/pages/template-editor.tsx, /src/pages/workbench.tsx, /src/components/app-nav.tsx, /src/components/theme-sync.tsx, /src/components/resume-library.tsx and 18 more
3:09:22 PM [vite] (client) hmr invalidate /src/components/profile-assistant.tsx Could not Fast Refresh ("buildConversation" export is incompatible). Learn more at https://github.com/vitejs/vite-plugin-react/tree/main/packages/plugin-react#consistent-components-exports
3:09:22 PM [vite] (client) hmr update /src/components/profile-workspace.tsx
The request id "<本机用户名>/resumate/node_modules/.pnpm/@fontsource+geist@5.3.0/node_modules/@fontsource/geist/files/geist-latin-400-normal.woff2" is outside of Vite serving allow list.
The request id "<本机用户名>/resumate/node_modules/.pnpm/@fontsource+geist@5.3.0/node_modules/@fontsource/geist/files/geist-latin-400-normal.woff" is outside of Vite serving allow list.
The request id "<本机用户名>/resumate/node_modules/.pnpm/@fontsource+geist@5.3.0/node_modules/@fontsource/geist/files/geist-latin-700-normal.woff2" is outside of Vite serving allow list.
The request id "<本机用户名>/resumate/node_modules/.pnpm/@fontsource+geist@5.3.0/node_modules/@fontsource/geist/files/geist-latin-700-normal.woff" is outside of Vite serving allow list.
The request id "<本机用户名>/resumate/node_modules/.pnpm/@fontsource+geist@5.3.0/node_modules/@fontsource/geist/files/geist-latin-500-normal.woff2" is outside of Vite serving allow list.
The request id "<本机用户名>/resumate/node_modules/.pnpm/@fontsource+geist@5.3.0/node_modules/@fontsource/geist/files/geist-latin-500-normal.woff" is outside of Vite serving allow list.
The request id "<本机用户名>/resumate/node_modules/.pnpm/@fontsource+geist@5.3.0/node_modules/@fontsource/geist/files/geist-latin-400-normal.woff2" is outside of Vite serving allow list.
The request id "<本机用户名>/resumate/node_modules/.pnpm/@fontsource+geist@5.3.0/node_modules/@fontsource/geist/files/geist-latin-400-normal.woff" is outside of Vite serving allow list.
The request id "<本机用户名>/resumate/node_modules/.pnpm/@fontsource+geist@5.3.0/node_modules/@fontsource/geist/files/geist-latin-500-normal.woff2" is outside of Vite serving allow list.
The request id "<本机用户名>/resumate/node_modules/.pnpm/@fontsource+geist@5.3.0/node_modules/@fontsource/geist/files/geist-latin-700-normal.woff2" is outside of Vite serving allow list.
The request id "<本机用户名>/resumate/node_modules/.pnpm/@fontsource+geist@5.3.0/node_modules/@fontsource/geist/files/geist-latin-500-normal.woff" is outside of Vite serving allow list.
The request id "<本机用户名>/resumate/node_modules/.pnpm/@fontsource+geist@5.3.0/node_modules/@fontsource/geist/files/geist-latin-700-normal.woff" is outside of Vite serving allow list.
The request id "<本机用户名>/resumate/node_modules/.pnpm/@fontsource+geist@5.3.0/node_modules/@fontsource/geist/files/geist-latin-400-normal.woff2" is outside of Vite serving allow list.
The request id "<本机用户名>/resumate/node_modules/.pnpm/@fontsource+geist@5.3.0/node_modules/@fontsource/geist/files/geist-latin-400-normal.woff" is outside of Vite serving allow list.
The request id "<本机用户名>/resumate/node_modules/.pnpm/@fontsource+geist@5.3.0/node_modules/@fontsource/geist/files/geist-latin-500-normal.woff2" is outside of Vite serving allow list.
The request id "<本机用户名>/resumate/node_modules/.pnpm/@fontsource+geist@5.3.0/node_modules/@fontsource/geist/files/geist-latin-700-normal.woff2" is outside of Vite serving allow list.
The request id "<本机用户名>/resumate/node_modules/.pnpm/@fontsource+geist@5.3.0/node_modules/@fontsource/geist/files/geist-latin-500-normal.woff" is outside of Vite serving allow list.
The request id "<本机用户名>/resumate/node_modules/.pnpm/@fontsource+geist@5.3.0/node_modules/@fontsource/geist/files/geist-latin-700-normal.woff" is outside of Vite serving allow list.
3:10:07 PM [vite] (client) hmr update /src/index.css
The request id "<本机用户名>/resumate/node_modules/.pnpm/@fontsource+geist@5.3.0/node_modules/@fontsource/geist/files/geist-latin-400-normal.woff2" is outside of Vite serving allow list.
The request id "<本机用户名>/resumate/node_modules/.pnpm/@fontsource+geist@5.3.0/node_modules/@fontsource/geist/files/geist-latin-400-normal.woff" is outside of Vite serving allow list.
The request id "<本机用户名>/resumate/node_modules/.pnpm/@fontsource+geist@5.3.0/node_modules/@fontsource/geist/files/geist-latin-500-normal.woff2" is outside of Vite serving allow list.
The request id "<本机用户名>/resumate/node_modules/.pnpm/@fontsource+geist@5.3.0/node_modules/@fontsource/geist/files/geist-latin-700-normal.woff2" is outside of Vite serving allow list.
The request id "<本机用户名>/resumate/node_modules/.pnpm/@fontsource+geist@5.3.0/node_modules/@fontsource/geist/files/geist-latin-500-normal.woff" is outside of Vite serving allow list.
The request id "<本机用户名>/resumate/node_modules/.pnpm/@fontsource+geist@5.3.0/node_modules/@fontsource/geist/files/geist-latin-700-normal.woff" is outside of Vite serving allow list.
The request id "<本机用户名>/resumate/node_modules/.pnpm/@fontsource+geist@5.3.0/node_modules/@fontsource/geist/files/geist-latin-400-normal.woff2" is outside of Vite serving allow list.
The request id "<本机用户名>/resumate/node_modules/.pnpm/@fontsource+geist@5.3.0/node_modules/@fontsource/geist/files/geist-latin-400-normal.woff" is outside of Vite serving allow list.
The request id "<本机用户名>/resumate/node_modules/.pnpm/@fontsource+geist@5.3.0/node_modules/@fontsource/geist/files/geist-latin-500-normal.woff2" is outside of Vite serving allow list.
The request id "<本机用户名>/resumate/node_modules/.pnpm/@fontsource+geist@5.3.0/node_modules/@fontsource/geist/files/geist-latin-700-normal.woff2" is outside of Vite serving allow list.
The request id "<本机用户名>/resumate/node_modules/.pnpm/@fontsource+geist@5.3.0/node_modules/@fontsource/geist/files/geist-latin-500-normal.woff" is outside of Vite serving allow list.
The request id "<本机用户名>/resumate/node_modules/.pnpm/@fontsource+geist@5.3.0/node_modules/@fontsource/geist/files/geist-latin-700-normal.woff" is outside of Vite serving allow list.
The request id "<本机用户名>/resumate/node_modules/.pnpm/@fontsource+geist@5.3.0/node_modules/@fontsource/geist/files/geist-latin-400-normal.woff2" is outside of Vite serving allow list.
The request id "<本机用户名>/resumate/node_modules/.pnpm/@fontsource+geist@5.3.0/node_modules/@fontsource/geist/files/geist-latin-400-normal.woff" is outside of Vite serving allow list.
The request id "<本机用户名>/resumate/node_modules/.pnpm/@fontsource+geist@5.3.0/node_modules/@fontsource/geist/files/geist-latin-500-normal.woff2" is outside of Vite serving allow list.
The request id "<本机用户名>/resumate/node_modules/.pnpm/@fontsource+geist@5.3.0/node_modules/@fontsource/geist/files/geist-latin-700-normal.woff2" is outside of Vite serving allow list.
The request id "<本机用户名>/resumate/node_modules/.pnpm/@fontsource+geist@5.3.0/node_modules/@fontsource/geist/files/geist-latin-500-normal.woff" is outside of Vite serving allow list.
The request id "<本机用户名>/resumate/node_modules/.pnpm/@fontsource+geist@5.3.0/node_modules/@fontsource/geist/files/geist-latin-700-normal.woff" is outside of Vite serving allow list.
The request id "<本机用户名>/resumate/node_modules/.pnpm/@fontsource+geist@5.3.0/node_modules/@fontsource/geist/files/geist-latin-400-normal.woff2" is outside of Vite serving allow list.
The request id "<本机用户名>/resumate/node_modules/.pnpm/@fontsource+geist@5.3.0/node_modules/@fontsource/geist/files/geist-latin-400-normal.woff" is outside of Vite serving allow list.
The request id "<本机用户名>/resumate/node_modules/.pnpm/@fontsource+geist@5.3.0/node_modules/@fontsource/geist/files/geist-latin-500-normal.woff2" is outside of Vite serving allow list.
The request id "<本机用户名>/resumate/node_modules/.pnpm/@fontsource+geist@5.3.0/node_modules/@fontsource/geist/files/geist-latin-700-normal.woff2" is outside of Vite serving allow list.
The request id "<本机用户名>/resumate/node_modules/.pnpm/@fontsource+geist@5.3.0/node_modules/@fontsource/geist/files/geist-latin-500-normal.woff" is outside of Vite serving allow list.
The request id "<本机用户名>/resumate/node_modules/.pnpm/@fontsource+geist@5.3.0/node_modules/@fontsource/geist/files/geist-latin-700-normal.woff" is outside of Vite serving allow list.
The request id "<本机用户名>/resumate/node_modules/.pnpm/@fontsource+geist@5.3.0/node_modules/@fontsource/geist/files/geist-latin-400-normal.woff2" is outside of Vite serving allow list.
The request id "<本机用户名>/resumate/node_modules/.pnpm/@fontsource+geist@5.3.0/node_modules/@fontsource/geist/files/geist-latin-400-normal.woff" is outside of Vite serving allow list.
The request id "<本机用户名>/resumate/node_modules/.pnpm/@fontsource+geist@5.3.0/node_modules/@fontsource/geist/files/geist-latin-500-normal.woff2" is outside of Vite serving allow list.
The request id "<本机用户名>/resumate/node_modules/.pnpm/@fontsource+geist@5.3.0/node_modules/@fontsource/geist/files/geist-latin-700-normal.woff2" is outside of Vite serving allow list.
The request id "<本机用户名>/resumate/node_modules/.pnpm/@fontsource+geist@5.3.0/node_modules/@fontsource/geist/files/geist-latin-500-normal.woff" is outside of Vite serving allow list.
The request id "<本机用户名>/resumate/node_modules/.pnpm/@fontsource+geist@5.3.0/node_modules/@fontsource/geist/files/geist-latin-700-normal.woff" is outside of Vite serving allow list.
The request id "<本机用户名>/resumate/node_modules/.pnpm/@fontsource+geist@5.3.0/node_modules/@fontsource/geist/files/geist-latin-400-normal.woff2" is outside of Vite serving allow list.
The request id "<本机用户名>/resumate/node_modules/.pnpm/@fontsource+geist@5.3.0/node_modules/@fontsource/geist/files/geist-latin-400-normal.woff" is outside of Vite serving allow list.
The request id "<本机用户名>/resumate/node_modules/.pnpm/@fontsource+geist@5.3.0/node_modules/@fontsource/geist/files/geist-latin-500-normal.woff2" is outside of Vite serving allow list.
The request id "<本机用户名>/resumate/node_modules/.pnpm/@fontsource+geist@5.3.0/node_modules/@fontsource/geist/files/geist-latin-700-normal.woff2" is outside of Vite serving allow list.
The request id "<本机用户名>/resumate/node_modules/.pnpm/@fontsource+geist@5.3.0/node_modules/@fontsource/geist/files/geist-latin-500-normal.woff" is outside of Vite serving allow list.
The request id "<本机用户名>/resumate/node_modules/.pnpm/@fontsource+geist@5.3.0/node_modules/@fontsource/geist/files/geist-latin-700-normal.woff" is outside of Vite serving allow list.
The request id "<本机用户名>/resumate/node_modules/.pnpm/@fontsource+geist@5.3.0/node_modules/@fontsource/geist/files/geist-latin-400-normal.woff2" is outside of Vite serving allow list.
The request id "<本机用户名>/resumate/node_modules/.pnpm/@fontsource+geist@5.3.0/node_modules/@fontsource/geist/files/geist-latin-400-normal.woff" is outside of Vite serving allow list.
The request id "<本机用户名>/resumate/node_modules/.pnpm/@fontsource+geist@5.3.0/node_modules/@fontsource/geist/files/geist-latin-500-normal.woff2" is outside of Vite serving allow list.
The request id "<本机用户名>/resumate/node_modules/.pnpm/@fontsource+geist@5.3.0/node_modules/@fontsource/geist/files/geist-latin-700-normal.woff2" is outside of Vite serving allow list.
The request id "<本机用户名>/resumate/node_modules/.pnpm/@fontsource+geist@5.3.0/node_modules/@fontsource/geist/files/geist-latin-500-normal.woff" is outside of Vite serving allow list.
The request id "<本机用户名>/resumate/node_modules/.pnpm/@fontsource+geist@5.3.0/node_modules/@fontsource/geist/files/geist-latin-700-normal.woff" is outside of Vite serving allow list.
The request id "<本机用户名>/resumate/node_modules/.pnpm/@fontsource+geist@5.3.0/node_modules/@fontsource/geist/files/geist-latin-400-normal.woff2" is outside of Vite serving allow list.
The request id "<本机用户名>/resumate/node_modules/.pnpm/@fontsource+geist@5.3.0/node_modules/@fontsource/geist/files/geist-latin-400-normal.woff" is outside of Vite serving allow list.
The request id "<本机用户名>/resumate/node_modules/.pnpm/@fontsource+geist@5.3.0/node_modules/@fontsource/geist/files/geist-latin-500-normal.woff2" is outside of Vite serving allow list.
The request id "<本机用户名>/resumate/node_modules/.pnpm/@fontsource+geist@5.3.0/node_modules/@fontsource/geist/files/geist-latin-700-normal.woff2" is outside of Vite serving allow list.
The request id "<本机用户名>/resumate/node_modules/.pnpm/@fontsource+geist@5.3.0/node_modules/@fontsource/geist/files/geist-latin-500-normal.woff" is outside of Vite serving allow list.
The request id "<本机用户名>/resumate/node_modules/.pnpm/@fontsource+geist@5.3.0/node_modules/@fontsource/geist/files/geist-latin-700-normal.woff" is outside of Vite serving allow list.
The request id "<本机用户名>/resumate/node_modules/.pnpm/@fontsource+geist@5.3.0/node_modules/@fontsource/geist/files/geist-latin-400-normal.woff2" is outside of Vite serving allow list.
The request id "<本机用户名>/resumate/node_modules/.pnpm/@fontsource+geist@5.3.0/node_modules/@fontsource/geist/files/geist-latin-400-normal.woff" is outside of Vite serving allow list.
The request id "<本机用户名>/resumate/node_modules/.pnpm/@fontsource+geist@5.3.0/node_modules/@fontsource/geist/files/geist-latin-500-normal.woff2" is outside of Vite serving allow list.
The request id "<本机用户名>/resumate/node_modules/.pnpm/@fontsource+geist@5.3.0/node_modules/@fontsource/geist/files/geist-latin-700-normal.woff2" is outside of Vite serving allow list.
The request id "<本机用户名>/resumate/node_modules/.pnpm/@fontsource+geist@5.3.0/node_modules/@fontsource/geist/files/geist-latin-500-normal.woff" is outside of Vite serving allow list.
The request id "<本机用户名>/resumate/node_modules/.pnpm/@fontsource+geist@5.3.0/node_modules/@fontsource/geist/files/geist-latin-700-normal.woff" is outside of Vite serving allow list.
The request id "<本机用户名>/resumate/node_modules/.pnpm/@fontsource+geist@5.3.0/node_modules/@fontsource/geist/files/geist-latin-400-normal.woff2" is outside of Vite serving allow list.
The request id "<本机用户名>/resumate/node_modules/.pnpm/@fontsource+geist@5.3.0/node_modules/@fontsource/geist/files/geist-latin-400-normal.woff" is outside of Vite serving allow list.
The request id "<本机用户名>/resumate/node_modules/.pnpm/@fontsource+geist@5.3.0/node_modules/@fontsource/geist/files/geist-latin-500-normal.woff2" is outside of Vite serving allow list.
The request id "<本机用户名>/resumate/node_modules/.pnpm/@fontsource+geist@5.3.0/node_modules/@fontsource/geist/files/geist-latin-700-normal.woff2" is outside of Vite serving allow list.
The request id "<本机用户名>/resumate/node_modules/.pnpm/@fontsource+geist@5.3.0/node_modules/@fontsource/geist/files/geist-latin-500-normal.woff" is outside of Vite serving allow list.
The request id "<本机用户名>/resumate/node_modules/.pnpm/@fontsource+geist@5.3.0/node_modules/@fontsource/geist/files/geist-latin-700-normal.woff" is outside of Vite serving allow list.
3:10:34 PM [vite] (client) hmr update /src/index.css, /src/components/create-resume-modal.tsx
3:10:42 PM [vite] (client) hmr update /src/index.css, /src/components/resume-library.tsx
The request id "<本机用户名>/resumate/node_modules/.pnpm/@fontsource+geist@5.3.0/node_modules/@fontsource/geist/files/geist-latin-400-normal.woff2" is outside of Vite serving allow list.
The request id "<本机用户名>/resumate/node_modules/.pnpm/@fontsource+geist@5.3.0/node_modules/@fontsource/geist/files/geist-latin-400-normal.woff" is outside of Vite serving allow list.
The request id "<本机用户名>/resumate/node_modules/.pnpm/@fontsource+geist@5.3.0/node_modules/@fontsource/geist/files/geist-latin-700-normal.woff2" is outside of Vite serving allow list.
The request id "<本机用户名>/resumate/node_modules/.pnpm/@fontsource+geist@5.3.0/node_modules/@fontsource/geist/files/geist-latin-700-normal.woff" is outside of Vite serving allow list.
The request id "<本机用户名>/resumate/node_modules/.pnpm/@fontsource+geist@5.3.0/node_modules/@fontsource/geist/files/geist-latin-500-normal.woff2" is outside of Vite serving allow list.
The request id "<本机用户名>/resumate/node_modules/.pnpm/@fontsource+geist@5.3.0/node_modules/@fontsource/geist/files/geist-latin-500-normal.woff" is outside of Vite serving allow list.
3:10:47 PM [vite] (client) hmr update /src/index.css, /src/components/resume-library.tsx
The request id "<本机用户名>/resumate/node_modules/.pnpm/@fontsource+geist@5.3.0/node_modules/@fontsource/geist/files/geist-latin-400-normal.woff2" is outside of Vite serving allow list.
The request id "<本机用户名>/resumate/node_modules/.pnpm/@fontsource+geist@5.3.0/node_modules/@fontsource/geist/files/geist-latin-400-normal.woff" is outside of Vite serving allow list.
The request id "<本机用户名>/resumate/node_modules/.pnpm/@fontsource+geist@5.3.0/node_modules/@fontsource/geist/files/geist-latin-500-normal.woff2" is outside of Vite serving allow list.
The request id "<本机用户名>/resumate/node_modules/.pnpm/@fontsource+geist@5.3.0/node_modules/@fontsource/geist/files/geist-latin-700-normal.woff2" is outside of Vite serving allow list.
The request id "<本机用户名>/resumate/node_modules/.pnpm/@fontsource+geist@5.3.0/node_modules/@fontsource/geist/files/geist-latin-500-normal.woff" is outside of Vite serving allow list.
The request id "<本机用户名>/resumate/node_modules/.pnpm/@fontsource+geist@5.3.0/node_modules/@fontsource/geist/files/geist-latin-700-normal.woff" is outside of Vite serving allow list.
The request id "<本机用户名>/resumate/node_modules/.pnpm/@fontsource+geist@5.3.0/node_modules/@fontsource/geist/files/geist-latin-400-normal.woff2" is outside of Vite serving allow list.
The request id "<本机用户名>/resumate/node_modules/.pnpm/@fontsource+geist@5.3.0/node_modules/@fontsource/geist/files/geist-latin-400-normal.woff" is outside of Vite serving allow list.
The request id "<本机用户名>/resumate/node_modules/.pnpm/@fontsource+geist@5.3.0/node_modules/@fontsource/geist/files/geist-latin-500-normal.woff2" is outside of Vite serving allow list.
The request id "<本机用户名>/resumate/node_modules/.pnpm/@fontsource+geist@5.3.0/node_modules/@fontsource/geist/files/geist-latin-700-normal.woff2" is outside of Vite serving allow list.
The request id "<本机用户名>/resumate/node_modules/.pnpm/@fontsource+geist@5.3.0/node_modules/@fontsource/geist/files/geist-latin-500-normal.woff" is outside of Vite serving allow list.
The request id "<本机用户名>/resumate/node_modules/.pnpm/@fontsource+geist@5.3.0/node_modules/@fontsource/geist/files/geist-latin-700-normal.woff" is outside of Vite serving allow list.
The request id "<本机用户名>/resumate/node_modules/.pnpm/@fontsource+geist@5.3.0/node_modules/@fontsource/geist/files/geist-latin-400-normal.woff2" is outside of Vite serving allow list.
The request id "<本机用户名>/resumate/node_modules/.pnpm/@fontsource+geist@5.3.0/node_modules/@fontsource/geist/files/geist-latin-400-normal.woff" is outside of Vite serving allow list.
The request id "<本机用户名>/resumate/node_modules/.pnpm/@fontsource+geist@5.3.0/node_modules/@fontsource/geist/files/geist-latin-500-normal.woff2" is outside of Vite serving allow list.
The request id "<本机用户名>/resumate/node_modules/.pnpm/@fontsource+geist@5.3.0/node_modules/@fontsource/geist/files/geist-latin-700-normal.woff2" is outside of Vite serving allow list.
The request id "<本机用户名>/resumate/node_modules/.pnpm/@fontsource+geist@5.3.0/node_modules/@fontsource/geist/files/geist-latin-500-normal.woff" is outside of Vite serving allow list.
The request id "<本机用户名>/resumate/node_modules/.pnpm/@fontsource+geist@5.3.0/node_modules/@fontsource/geist/files/geist-latin-700-normal.woff" is outside of Vite serving allow list.
3:10:58 PM [vite] (client) hmr update /src/index.css, /src/components/resume-library.tsx
The request id "<本机用户名>/resumate/node_modules/.pnpm/@fontsource+geist@5.3.0/node_modules/@fontsource/geist/files/geist-latin-400-normal.woff2" is outside of Vite serving allow list.
The request id "<本机用户名>/resumate/node_modules/.pnpm/@fontsource+geist@5.3.0/node_modules/@fontsource/geist/files/geist-latin-400-normal.woff" is outside of Vite serving allow list.
The request id "<本机用户名>/resumate/node_modules/.pnpm/@fontsource+geist@5.3.0/node_modules/@fontsource/geist/files/geist-latin-700-normal.woff2" is outside of Vite serving allow list.
The request id "<本机用户名>/resumate/node_modules/.pnpm/@fontsource+geist@5.3.0/node_modules/@fontsource/geist/files/geist-latin-700-normal.woff" is outside of Vite serving allow list.
The request id "<本机用户名>/resumate/node_modules/.pnpm/@fontsource+geist@5.3.0/node_modules/@fontsource/geist/files/geist-latin-500-normal.woff2" is outside of Vite serving allow list.
The request id "<本机用户名>/resumate/node_modules/.pnpm/@fontsource+geist@5.3.0/node_modules/@fontsource/geist/files/geist-latin-500-normal.woff" is outside of Vite serving allow list.
The request id "<本机用户名>/resumate/node_modules/.pnpm/@fontsource+geist@5.3.0/node_modules/@fontsource/geist/files/geist-latin-400-normal.woff2" is outside of Vite serving allow list.
The request id "<本机用户名>/resumate/node_modules/.pnpm/@fontsource+geist@5.3.0/node_modules/@fontsource/geist/files/geist-latin-400-normal.woff" is outside of Vite serving allow list.
The request id "<本机用户名>/resumate/node_modules/.pnpm/@fontsource+geist@5.3.0/node_modules/@fontsource/geist/files/geist-latin-500-normal.woff2" is outside of Vite serving allow list.
The request id "<本机用户名>/resumate/node_modules/.pnpm/@fontsource+geist@5.3.0/node_modules/@fontsource/geist/files/geist-latin-700-normal.woff2" is outside of Vite serving allow list.
The request id "<本机用户名>/resumate/node_modules/.pnpm/@fontsource+geist@5.3.0/node_modules/@fontsource/geist/files/geist-latin-500-normal.woff" is outside of Vite serving allow list.
The request id "<本机用户名>/resumate/node_modules/.pnpm/@fontsource+geist@5.3.0/node_modules/@fontsource/geist/files/geist-latin-700-normal.woff" is outside of Vite serving allow list.
3:11:08 PM [vite] (client) hmr update /src/index.css, /src/components/profile-workspace.tsx
3:11:08 PM [vite] (client) hmr update /src/index.css, /src/components/profile-workspace.tsx
The request id "<本机用户名>/resumate/node_modules/.pnpm/@fontsource+geist@5.3.0/node_modules/@fontsource/geist/files/geist-latin-400-normal.woff2" is outside of Vite serving allow list.
The request id "<本机用户名>/resumate/node_modules/.pnpm/@fontsource+geist@5.3.0/node_modules/@fontsource/geist/files/geist-latin-400-normal.woff" is outside of Vite serving allow list.
The request id "<本机用户名>/resumate/node_modules/.pnpm/@fontsource+geist@5.3.0/node_modules/@fontsource/geist/files/geist-latin-500-normal.woff2" is outside of Vite serving allow list.
The request id "<本机用户名>/resumate/node_modules/.pnpm/@fontsource+geist@5.3.0/node_modules/@fontsource/geist/files/geist-latin-700-normal.woff2" is outside of Vite serving allow list.
The request id "<本机用户名>/resumate/node_modules/.pnpm/@fontsource+geist@5.3.0/node_modules/@fontsource/geist/files/geist-latin-500-normal.woff" is outside of Vite serving allow list.
The request id "<本机用户名>/resumate/node_modules/.pnpm/@fontsource+geist@5.3.0/node_modules/@fontsource/geist/files/geist-latin-700-normal.woff" is outside of Vite serving allow list.
3:11:12 PM [vite] (client) hmr update /src/index.css, /src/components/profile-workspace.tsx
The request id "<本机用户名>/resumate/node_modules/.pnpm/@fontsource+geist@5.3.0/node_modules/@fontsource/geist/files/geist-latin-400-normal.woff2" is outside of Vite serving allow list.
The request id "<本机用户名>/resumate/node_modules/.pnpm/@fontsource+geist@5.3.0/node_modules/@fontsource/geist/files/geist-latin-400-normal.woff" is outside of Vite serving allow list.
The request id "<本机用户名>/resumate/node_modules/.pnpm/@fontsource+geist@5.3.0/node_modules/@fontsource/geist/files/geist-latin-500-normal.woff2" is outside of Vite serving allow list.
The request id "<本机用户名>/resumate/node_modules/.pnpm/@fontsource+geist@5.3.0/node_modules/@fontsource/geist/files/geist-latin-700-normal.woff2" is outside of Vite serving allow list.
The request id "<本机用户名>/resumate/node_modules/.pnpm/@fontsource+geist@5.3.0/node_modules/@fontsource/geist/files/geist-latin-500-normal.woff" is outside of Vite serving allow list.
The request id "<本机用户名>/resumate/node_modules/.pnpm/@fontsource+geist@5.3.0/node_modules/@fontsource/geist/files/geist-latin-700-normal.woff" is outside of Vite serving allow list.
3:11:15 PM [vite] (client) hmr update /src/index.css, /src/App.tsx, /src/pages/profile.tsx, /src/pages/login.tsx, /src/pages/reset-password.tsx, /src/pages/verify-email.tsx, /src/pages/resumes.tsx, /src/pages/resume-editor.tsx, /src/pages/resume-versions.tsx, /src/pages/jds.tsx, /src/pages/jd-detail.tsx, /src/pages/rbac.tsx, /src/pages/templates.tsx, /src/pages/template-editor.tsx, /src/pages/workbench.tsx, /src/components/app-nav.tsx, /src/components/theme-sync.tsx, /src/components/resume-library.tsx and 18 more
3:11:15 PM [vite] (client) hmr update /src/index.css, /src/App.tsx, /src/pages/profile.tsx, /src/pages/login.tsx, /src/pages/reset-password.tsx, /src/pages/verify-email.tsx, /src/pages/resumes.tsx, /src/pages/resume-editor.tsx, /src/pages/resume-versions.tsx, /src/pages/jds.tsx, /src/pages/jd-detail.tsx, /src/pages/rbac.tsx, /src/pages/templates.tsx, /src/pages/template-editor.tsx, /src/pages/workbench.tsx, /src/components/app-nav.tsx, /src/components/theme-sync.tsx, /src/components/resume-library.tsx and 18 more
The request id "<本机用户名>/resumate/node_modules/.pnpm/@fontsource+geist@5.3.0/node_modules/@fontsource/geist/files/geist-latin-400-normal.woff2" is outside of Vite serving allow list.
The request id "<本机用户名>/resumate/node_modules/.pnpm/@fontsource+geist@5.3.0/node_modules/@fontsource/geist/files/geist-latin-400-normal.woff" is outside of Vite serving allow list.
The request id "<本机用户名>/resumate/node_modules/.pnpm/@fontsource+geist@5.3.0/node_modules/@fontsource/geist/files/geist-latin-500-normal.woff2" is outside of Vite serving allow list.
The request id "<本机用户名>/resumate/node_modules/.pnpm/@fontsource+geist@5.3.0/node_modules/@fontsource/geist/files/geist-latin-700-normal.woff2" is outside of Vite serving allow list.
The request id "<本机用户名>/resumate/node_modules/.pnpm/@fontsource+geist@5.3.0/node_modules/@fontsource/geist/files/geist-latin-500-normal.woff" is outside of Vite serving allow list.
The request id "<本机用户名>/resumate/node_modules/.pnpm/@fontsource+geist@5.3.0/node_modules/@fontsource/geist/files/geist-latin-700-normal.woff" is outside of Vite serving allow list.
The request id "<本机用户名>/resumate/node_modules/.pnpm/@fontsource+geist@5.3.0/node_modules/@fontsource/geist/files/geist-latin-400-normal.woff2" is outside of Vite serving allow list.
The request id "<本机用户名>/resumate/node_modules/.pnpm/@fontsource+geist@5.3.0/node_modules/@fontsource/geist/files/geist-latin-400-normal.woff" is outside of Vite serving allow list.
The request id "<本机用户名>/resumate/node_modules/.pnpm/@fontsource+geist@5.3.0/node_modules/@fontsource/geist/files/geist-latin-500-normal.woff2" is outside of Vite serving allow list.
The request id "<本机用户名>/resumate/node_modules/.pnpm/@fontsource+geist@5.3.0/node_modules/@fontsource/geist/files/geist-latin-700-normal.woff2" is outside of Vite serving allow list.
The request id "<本机用户名>/resumate/node_modules/.pnpm/@fontsource+geist@5.3.0/node_modules/@fontsource/geist/files/geist-latin-500-normal.woff" is outside of Vite serving allow list.
The request id "<本机用户名>/resumate/node_modules/.pnpm/@fontsource+geist@5.3.0/node_modules/@fontsource/geist/files/geist-latin-700-normal.woff" is outside of Vite serving allow list.
The request id "<本机用户名>/resumate/node_modules/.pnpm/@fontsource+geist@5.3.0/node_modules/@fontsource/geist/files/geist-latin-400-normal.woff2" is outside of Vite serving allow list.
The request id "<本机用户名>/resumate/node_modules/.pnpm/@fontsource+geist@5.3.0/node_modules/@fontsource/geist/files/geist-latin-400-normal.woff" is outside of Vite serving allow list.
The request id "<本机用户名>/resumate/node_modules/.pnpm/@fontsource+geist@5.3.0/node_modules/@fontsource/geist/files/geist-latin-500-normal.woff2" is outside of Vite serving allow list.
The request id "<本机用户名>/resumate/node_modules/.pnpm/@fontsource+geist@5.3.0/node_modules/@fontsource/geist/files/geist-latin-700-normal.woff2" is outside of Vite serving allow list.
The request id "<本机用户名>/resumate/node_modules/.pnpm/@fontsource+geist@5.3.0/node_modules/@fontsource/geist/files/geist-latin-500-normal.woff" is outside of Vite serving allow list.
The request id "<本机用户名>/resumate/node_modules/.pnpm/@fontsource+geist@5.3.0/node_modules/@fontsource/geist/files/geist-latin-700-normal.woff" is outside of Vite serving allow list.
The request id "<本机用户名>/resumate/node_modules/.pnpm/@fontsource+geist@5.3.0/node_modules/@fontsource/geist/files/geist-latin-400-normal.woff2" is outside of Vite serving allow list.
The request id "<本机用户名>/resumate/node_modules/.pnpm/@fontsource+geist@5.3.0/node_modules/@fontsource/geist/files/geist-latin-400-normal.woff" is outside of Vite serving allow list.
The request id "<本机用户名>/resumate/node_modules/.pnpm/@fontsource+geist@5.3.0/node_modules/@fontsource/geist/files/geist-latin-500-normal.woff2" is outside of Vite serving allow list.
The request id "<本机用户名>/resumate/node_modules/.pnpm/@fontsource+geist@5.3.0/node_modules/@fontsource/geist/files/geist-latin-700-normal.woff2" is outside of Vite serving allow list.
The request id "<本机用户名>/resumate/node_modules/.pnpm/@fontsource+geist@5.3.0/node_modules/@fontsource/geist/files/geist-latin-500-normal.woff" is outside of Vite serving allow list.
The request id "<本机用户名>/resumate/node_modules/.pnpm/@fontsource+geist@5.3.0/node_modules/@fontsource/geist/files/geist-latin-700-normal.woff" is outside of Vite serving allow list.
The request id "<本机用户名>/resumate/node_modules/.pnpm/@fontsource+geist@5.3.0/node_modules/@fontsource/geist/files/geist-latin-400-normal.woff2" is outside of Vite serving allow list.
The request id "<本机用户名>/resumate/node_modules/.pnpm/@fontsource+geist@5.3.0/node_modules/@fontsource/geist/files/geist-latin-400-normal.woff" is outside of Vite serving allow list.
The request id "<本机用户名>/resumate/node_modules/.pnpm/@fontsource+geist@5.3.0/node_modules/@fontsource/geist/files/geist-latin-500-normal.woff2" is outside of Vite serving allow list.
The request id "<本机用户名>/resumate/node_modules/.pnpm/@fontsource+geist@5.3.0/node_modules/@fontsource/geist/files/geist-latin-700-normal.woff2" is outside of Vite serving allow list.
The request id "<本机用户名>/resumate/node_modules/.pnpm/@fontsource+geist@5.3.0/node_modules/@fontsource/geist/files/geist-latin-500-normal.woff" is outside of Vite serving allow list.
The request id "<本机用户名>/resumate/node_modules/.pnpm/@fontsource+geist@5.3.0/node_modules/@fontsource/geist/files/geist-latin-700-normal.woff" is outside of Vite serving allow list.
The request id "<本机用户名>/resumate/node_modules/.pnpm/@fontsource+geist@5.3.0/node_modules/@fontsource/geist/files/geist-latin-400-normal.woff2" is outside of Vite serving allow list.
The request id "<本机用户名>/resumate/node_modules/.pnpm/@fontsource+geist@5.3.0/node_modules/@fontsource/geist/files/geist-latin-400-normal.woff" is outside of Vite serving allow list.
The request id "<本机用户名>/resumate/node_modules/.pnpm/@fontsource+geist@5.3.0/node_modules/@fontsource/geist/files/geist-latin-500-normal.woff2" is outside of Vite serving allow list.
The request id "<本机用户名>/resumate/node_modules/.pnpm/@fontsource+geist@5.3.0/node_modules/@fontsource/geist/files/geist-latin-700-normal.woff2" is outside of Vite serving allow list.
The request id "<本机用户名>/resumate/node_modules/.pnpm/@fontsource+geist@5.3.0/node_modules/@fontsource/geist/files/geist-latin-500-normal.woff" is outside of Vite serving allow list.
The request id "<本机用户名>/resumate/node_modules/.pnpm/@fontsource+geist@5.3.0/node_modules/@fontsource/geist/files/geist-latin-700-normal.woff" is outside of Vite serving allow list.
The request id "<本机用户名>/resumate/node_modules/.pnpm/@fontsource+geist@5.3.0/node_modules/@fontsource/geist/files/geist-latin-400-normal.woff2" is outside of Vite serving allow list.
The request id "<本机用户名>/resumate/node_modules/.pnpm/@fontsource+geist@5.3.0/node_modules/@fontsource/geist/files/geist-latin-400-normal.woff" is outside of Vite serving allow list.
The request id "<本机用户名>/resumate/node_modules/.pnpm/@fontsource+geist@5.3.0/node_modules/@fontsource/geist/files/geist-latin-500-normal.woff2" is outside of Vite serving allow list.
The request id "<本机用户名>/resumate/node_modules/.pnpm/@fontsource+geist@5.3.0/node_modules/@fontsource/geist/files/geist-latin-700-normal.woff2" is outside of Vite serving allow list.
The request id "<本机用户名>/resumate/node_modules/.pnpm/@fontsource+geist@5.3.0/node_modules/@fontsource/geist/files/geist-latin-500-normal.woff" is outside of Vite serving allow list.
The request id "<本机用户名>/resumate/node_modules/.pnpm/@fontsource+geist@5.3.0/node_modules/@fontsource/geist/files/geist-latin-700-normal.woff" is outside of Vite serving allow list.
The request id "<本机用户名>/resumate/node_modules/.pnpm/@fontsource+geist@5.3.0/node_modules/@fontsource/geist/files/geist-latin-400-normal.woff2" is outside of Vite serving allow list.
The request id "<本机用户名>/resumate/node_modules/.pnpm/@fontsource+geist@5.3.0/node_modules/@fontsource/geist/files/geist-latin-400-normal.woff" is outside of Vite serving allow list.
The request id "<本机用户名>/resumate/node_modules/.pnpm/@fontsource+geist@5.3.0/node_modules/@fontsource/geist/files/geist-latin-500-normal.woff2" is outside of Vite serving allow list.
The request id "<本机用户名>/resumate/node_modules/.pnpm/@fontsource+geist@5.3.0/node_modules/@fontsource/geist/files/geist-latin-700-normal.woff2" is outside of Vite serving allow list.
The request id "<本机用户名>/resumate/node_modules/.pnpm/@fontsource+geist@5.3.0/node_modules/@fontsource/geist/files/geist-latin-500-normal.woff" is outside of Vite serving allow list.
The request id "<本机用户名>/resumate/node_modules/.pnpm/@fontsource+geist@5.3.0/node_modules/@fontsource/geist/files/geist-latin-700-normal.woff" is outside of Vite serving allow list.
The request id "<本机用户名>/resumate/node_modules/.pnpm/@fontsource+geist@5.3.0/node_modules/@fontsource/geist/files/geist-latin-400-normal.woff2" is outside of Vite serving allow list.
The request id "<本机用户名>/resumate/node_modules/.pnpm/@fontsource+geist@5.3.0/node_modules/@fontsource/geist/files/geist-latin-400-normal.woff" is outside of Vite serving allow list.
The request id "<本机用户名>/resumate/node_modules/.pnpm/@fontsource+geist@5.3.0/node_modules/@fontsource/geist/files/geist-latin-500-normal.woff2" is outside of Vite serving allow list.
The request id "<本机用户名>/resumate/node_modules/.pnpm/@fontsource+geist@5.3.0/node_modules/@fontsource/geist/files/geist-latin-700-normal.woff2" is outside of Vite serving allow list.
The request id "<本机用户名>/resumate/node_modules/.pnpm/@fontsource+geist@5.3.0/node_modules/@fontsource/geist/files/geist-latin-500-normal.woff" is outside of Vite serving allow list.
The request id "<本机用户名>/resumate/node_modules/.pnpm/@fontsource+geist@5.3.0/node_modules/@fontsource/geist/files/geist-latin-700-normal.woff" is outside of Vite serving allow list.
3:11:39 PM [vite] (client) hmr update /src/index.css, /src/components/jd-tuning.tsx
The request id "<本机用户名>/resumate/node_modules/.pnpm/@fontsource+geist@5.3.0/node_modules/@fontsource/geist/files/geist-latin-400-normal.woff2" is outside of Vite serving allow list.
The request id "<本机用户名>/resumate/node_modules/.pnpm/@fontsource+geist@5.3.0/node_modules/@fontsource/geist/files/geist-latin-400-normal.woff" is outside of Vite serving allow list.
The request id "<本机用户名>/resumate/node_modules/.pnpm/@fontsource+geist@5.3.0/node_modules/@fontsource/geist/files/geist-latin-700-normal.woff2" is outside of Vite serving allow list.
The request id "<本机用户名>/resumate/node_modules/.pnpm/@fontsource+geist@5.3.0/node_modules/@fontsource/geist/files/geist-latin-700-normal.woff" is outside of Vite serving allow list.
3:12:04 PM [vite] (client) hmr update /src/index.css
3:12:19 PM [vite] (client) hmr update /src/index.css
The request id "<本机用户名>/resumate/node_modules/.pnpm/@fontsource+geist@5.3.0/node_modules/@fontsource/geist/files/geist-latin-400-normal.woff2" is outside of Vite serving allow list.
The request id "<本机用户名>/resumate/node_modules/.pnpm/@fontsource+geist@5.3.0/node_modules/@fontsource/geist/files/geist-latin-400-normal.woff" is outside of Vite serving allow list.
The request id "<本机用户名>/resumate/node_modules/.pnpm/@fontsource+geist@5.3.0/node_modules/@fontsource/geist/files/geist-latin-700-normal.woff2" is outside of Vite serving allow list.
The request id "<本机用户名>/resumate/node_modules/.pnpm/@fontsource+geist@5.3.0/node_modules/@fontsource/geist/files/geist-latin-700-normal.woff" is outside of Vite serving allow list.
The request id "<本机用户名>/resumate/node_modules/.pnpm/@fontsource+geist@5.3.0/node_modules/@fontsource/geist/files/geist-latin-500-normal.woff2" is outside of Vite serving allow list.
The request id "<本机用户名>/resumate/node_modules/.pnpm/@fontsource+geist@5.3.0/node_modules/@fontsource/geist/files/geist-latin-500-normal.woff" is outside of Vite serving allow list.
The request id "<本机用户名>/resumate/node_modules/.pnpm/@fontsource+geist@5.3.0/node_modules/@fontsource/geist/files/geist-latin-400-normal.woff2" is outside of Vite serving allow list.
The request id "<本机用户名>/resumate/node_modules/.pnpm/@fontsource+geist@5.3.0/node_modules/@fontsource/geist/files/geist-latin-400-normal.woff" is outside of Vite serving allow list.
The request id "<本机用户名>/resumate/node_modules/.pnpm/@fontsource+geist@5.3.0/node_modules/@fontsource/geist/files/geist-latin-500-normal.woff2" is outside of Vite serving allow list.
The request id "<本机用户名>/resumate/node_modules/.pnpm/@fontsource+geist@5.3.0/node_modules/@fontsource/geist/files/geist-latin-700-normal.woff2" is outside of Vite serving allow list.
The request id "<本机用户名>/resumate/node_modules/.pnpm/@fontsource+geist@5.3.0/node_modules/@fontsource/geist/files/geist-latin-500-normal.woff" is outside of Vite serving allow list.
The request id "<本机用户名>/resumate/node_modules/.pnpm/@fontsource+geist@5.3.0/node_modules/@fontsource/geist/files/geist-latin-700-normal.woff" is outside of Vite serving allow list.
The request id "<本机用户名>/resumate/node_modules/.pnpm/@fontsource+geist@5.3.0/node_modules/@fontsource/geist/files/geist-latin-400-normal.woff2" is outside of Vite serving allow list.
The request id "<本机用户名>/resumate/node_modules/.pnpm/@fontsource+geist@5.3.0/node_modules/@fontsource/geist/files/geist-latin-400-normal.woff" is outside of Vite serving allow list.
The request id "<本机用户名>/resumate/node_modules/.pnpm/@fontsource+geist@5.3.0/node_modules/@fontsource/geist/files/geist-latin-700-normal.woff2" is outside of Vite serving allow list.
The request id "<本机用户名>/resumate/node_modules/.pnpm/@fontsource+geist@5.3.0/node_modules/@fontsource/geist/files/geist-latin-700-normal.woff" is outside of Vite serving allow list.
The request id "<本机用户名>/resumate/node_modules/.pnpm/@fontsource+geist@5.3.0/node_modules/@fontsource/geist/files/geist-latin-500-normal.woff2" is outside of Vite serving allow list.
The request id "<本机用户名>/resumate/node_modules/.pnpm/@fontsource+geist@5.3.0/node_modules/@fontsource/geist/files/geist-latin-500-normal.woff" is outside of Vite serving allow list.
3:12:36 PM [vite] (client) hmr update /src/index.css
The request id "<本机用户名>/resumate/node_modules/.pnpm/@fontsource+geist@5.3.0/node_modules/@fontsource/geist/files/geist-latin-400-normal.woff2" is outside of Vite serving allow list.
The request id "<本机用户名>/resumate/node_modules/.pnpm/@fontsource+geist@5.3.0/node_modules/@fontsource/geist/files/geist-latin-400-normal.woff" is outside of Vite serving allow list.
The request id "<本机用户名>/resumate/node_modules/.pnpm/@fontsource+geist@5.3.0/node_modules/@fontsource/geist/files/geist-latin-500-normal.woff2" is outside of Vite serving allow list.
The request id "<本机用户名>/resumate/node_modules/.pnpm/@fontsource+geist@5.3.0/node_modules/@fontsource/geist/files/geist-latin-700-normal.woff2" is outside of Vite serving allow list.
The request id "<本机用户名>/resumate/node_modules/.pnpm/@fontsource+geist@5.3.0/node_modules/@fontsource/geist/files/geist-latin-500-normal.woff" is outside of Vite serving allow list.
The request id "<本机用户名>/resumate/node_modules/.pnpm/@fontsource+geist@5.3.0/node_modules/@fontsource/geist/files/geist-latin-700-normal.woff" is outside of Vite serving allow list.
The request id "<本机用户名>/resumate/node_modules/.pnpm/@fontsource+geist@5.3.0/node_modules/@fontsource/geist/files/geist-latin-400-normal.woff2" is outside of Vite serving allow list.
The request id "<本机用户名>/resumate/node_modules/.pnpm/@fontsource+geist@5.3.0/node_modules/@fontsource/geist/files/geist-latin-400-normal.woff" is outside of Vite serving allow list.
The request id "<本机用户名>/resumate/node_modules/.pnpm/@fontsource+geist@5.3.0/node_modules/@fontsource/geist/files/geist-latin-500-normal.woff2" is outside of Vite serving allow list.
The request id "<本机用户名>/resumate/node_modules/.pnpm/@fontsource+geist@5.3.0/node_modules/@fontsource/geist/files/geist-latin-700-normal.woff2" is outside of Vite serving allow list.
The request id "<本机用户名>/resumate/node_modules/.pnpm/@fontsource+geist@5.3.0/node_modules/@fontsource/geist/files/geist-latin-500-normal.woff" is outside of Vite serving allow list.
The request id "<本机用户名>/resumate/node_modules/.pnpm/@fontsource+geist@5.3.0/node_modules/@fontsource/geist/files/geist-latin-700-normal.woff" is outside of Vite serving allow list.
The request id "<本机用户名>/resumate/node_modules/.pnpm/@fontsource+geist@5.3.0/node_modules/@fontsource/geist/files/geist-latin-400-normal.woff2" is outside of Vite serving allow list.
The request id "<本机用户名>/resumate/node_modules/.pnpm/@fontsource+geist@5.3.0/node_modules/@fontsource/geist/files/geist-latin-400-normal.woff" is outside of Vite serving allow list.
The request id "<本机用户名>/resumate/node_modules/.pnpm/@fontsource+geist@5.3.0/node_modules/@fontsource/geist/files/geist-latin-700-normal.woff2" is outside of Vite serving allow list.
The request id "<本机用户名>/resumate/node_modules/.pnpm/@fontsource+geist@5.3.0/node_modules/@fontsource/geist/files/geist-latin-700-normal.woff" is outside of Vite serving allow list.
The request id "<本机用户名>/resumate/node_modules/.pnpm/@fontsource+geist@5.3.0/node_modules/@fontsource/geist/files/geist-latin-500-normal.woff2" is outside of Vite serving allow list.
The request id "<本机用户名>/resumate/node_modules/.pnpm/@fontsource+geist@5.3.0/node_modules/@fontsource/geist/files/geist-latin-500-normal.woff" is outside of Vite serving allow list.
The request id "<本机用户名>/resumate/node_modules/.pnpm/@fontsource+geist@5.3.0/node_modules/@fontsource/geist/files/geist-latin-400-normal.woff2" is outside of Vite serving allow list.
The request id "<本机用户名>/resumate/node_modules/.pnpm/@fontsource+geist@5.3.0/node_modules/@fontsource/geist/files/geist-latin-400-normal.woff" is outside of Vite serving allow list.
The request id "<本机用户名>/resumate/node_modules/.pnpm/@fontsource+geist@5.3.0/node_modules/@fontsource/geist/files/geist-latin-500-normal.woff2" is outside of Vite serving allow list.
The request id "<本机用户名>/resumate/node_modules/.pnpm/@fontsource+geist@5.3.0/node_modules/@fontsource/geist/files/geist-latin-700-normal.woff2" is outside of Vite serving allow list.
The request id "<本机用户名>/resumate/node_modules/.pnpm/@fontsource+geist@5.3.0/node_modules/@fontsource/geist/files/geist-latin-500-normal.woff" is outside of Vite serving allow list.
The request id "<本机用户名>/resumate/node_modules/.pnpm/@fontsource+geist@5.3.0/node_modules/@fontsource/geist/files/geist-latin-700-normal.woff" is outside of Vite serving allow list.
The request id "<本机用户名>/resumate/node_modules/.pnpm/@fontsource+geist@5.3.0/node_modules/@fontsource/geist/files/geist-latin-400-normal.woff2" is outside of Vite serving allow list.
The request id "<本机用户名>/resumate/node_modules/.pnpm/@fontsource+geist@5.3.0/node_modules/@fontsource/geist/files/geist-latin-400-normal.woff" is outside of Vite serving allow list.
The request id "<本机用户名>/resumate/node_modules/.pnpm/@fontsource+geist@5.3.0/node_modules/@fontsource/geist/files/geist-latin-500-normal.woff2" is outside of Vite serving allow list.
The request id "<本机用户名>/resumate/node_modules/.pnpm/@fontsource+geist@5.3.0/node_modules/@fontsource/geist/files/geist-latin-700-normal.woff2" is outside of Vite serving allow list.
The request id "<本机用户名>/resumate/node_modules/.pnpm/@fontsource+geist@5.3.0/node_modules/@fontsource/geist/files/geist-latin-500-normal.woff" is outside of Vite serving allow list.
The request id "<本机用户名>/resumate/node_modules/.pnpm/@fontsource+geist@5.3.0/node_modules/@fontsource/geist/files/geist-latin-700-normal.woff" is outside of Vite serving allow list.
The request id "<本机用户名>/resumate/node_modules/.pnpm/@fontsource+geist@5.3.0/node_modules/@fontsource/geist/files/geist-latin-400-normal.woff2" is outside of Vite serving allow list.
The request id "<本机用户名>/resumate/node_modules/.pnpm/@fontsource+geist@5.3.0/node_modules/@fontsource/geist/files/geist-latin-400-normal.woff" is outside of Vite serving allow list.
The request id "<本机用户名>/resumate/node_modules/.pnpm/@fontsource+geist@5.3.0/node_modules/@fontsource/geist/files/geist-latin-500-normal.woff2" is outside of Vite serving allow list.
The request id "<本机用户名>/resumate/node_modules/.pnpm/@fontsource+geist@5.3.0/node_modules/@fontsource/geist/files/geist-latin-700-normal.woff2" is outside of Vite serving allow list.
The request id "<本机用户名>/resumate/node_modules/.pnpm/@fontsource+geist@5.3.0/node_modules/@fontsource/geist/files/geist-latin-500-normal.woff" is outside of Vite serving allow list.
The request id "<本机用户名>/resumate/node_modules/.pnpm/@fontsource+geist@5.3.0/node_modules/@fontsource/geist/files/geist-latin-700-normal.woff" is outside of Vite serving allow list.
The request id "<本机用户名>/resumate/node_modules/.pnpm/@fontsource+geist@5.3.0/node_modules/@fontsource/geist/files/geist-latin-400-normal.woff2" is outside of Vite serving allow list.
The request id "<本机用户名>/resumate/node_modules/.pnpm/@fontsource+geist@5.3.0/node_modules/@fontsource/geist/files/geist-latin-400-normal.woff" is outside of Vite serving allow list.
The request id "<本机用户名>/resumate/node_modules/.pnpm/@fontsource+geist@5.3.0/node_modules/@fontsource/geist/files/geist-latin-500-normal.woff2" is outside of Vite serving allow list.
The request id "<本机用户名>/resumate/node_modules/.pnpm/@fontsource+geist@5.3.0/node_modules/@fontsource/geist/files/geist-latin-700-normal.woff2" is outside of Vite serving allow list.
The request id "<本机用户名>/resumate/node_modules/.pnpm/@fontsource+geist@5.3.0/node_modules/@fontsource/geist/files/geist-latin-700-normal.woff" is outside of Vite serving allow list.
The request id "<本机用户名>/resumate/node_modules/.pnpm/@fontsource+geist@5.3.0/node_modules/@fontsource/geist/files/geist-latin-500-normal.woff" is outside of Vite serving allow list.
The request id "<本机用户名>/resumate/node_modules/.pnpm/@fontsource+geist@5.3.0/node_modules/@fontsource/geist/files/geist-latin-400-normal.woff2" is outside of Vite serving allow list.
The request id "<本机用户名>/resumate/node_modules/.pnpm/@fontsource+geist@5.3.0/node_modules/@fontsource/geist/files/geist-latin-400-normal.woff" is outside of Vite serving allow list.
The request id "<本机用户名>/resumate/node_modules/.pnpm/@fontsource+geist@5.3.0/node_modules/@fontsource/geist/files/geist-latin-500-normal.woff2" is outside of Vite serving allow list.
The request id "<本机用户名>/resumate/node_modules/.pnpm/@fontsource+geist@5.3.0/node_modules/@fontsource/geist/files/geist-latin-700-normal.woff2" is outside of Vite serving allow list.
The request id "<本机用户名>/resumate/node_modules/.pnpm/@fontsource+geist@5.3.0/node_modules/@fontsource/geist/files/geist-latin-500-normal.woff" is outside of Vite serving allow list.
The request id "<本机用户名>/resumate/node_modules/.pnpm/@fontsource+geist@5.3.0/node_modules/@fontsource/geist/files/geist-latin-700-normal.woff" is outside of Vite serving allow list.
The request id "<本机用户名>/resumate/node_modules/.pnpm/@fontsource+geist@5.3.0/node_modules/@fontsource/geist/files/geist-latin-400-normal.woff2" is outside of Vite serving allow list.
The request id "<本机用户名>/resumate/node_modules/.pnpm/@fontsource+geist@5.3.0/node_modules/@fontsource/geist/files/geist-latin-400-normal.woff" is outside of Vite serving allow list.
The request id "<本机用户名>/resumate/node_modules/.pnpm/@fontsource+geist@5.3.0/node_modules/@fontsource/geist/files/geist-latin-500-normal.woff2" is outside of Vite serving allow list.
The request id "<本机用户名>/resumate/node_modules/.pnpm/@fontsource+geist@5.3.0/node_modules/@fontsource/geist/files/geist-latin-700-normal.woff2" is outside of Vite serving allow list.
The request id "<本机用户名>/resumate/node_modules/.pnpm/@fontsource+geist@5.3.0/node_modules/@fontsource/geist/files/geist-latin-500-normal.woff" is outside of Vite serving allow list.
The request id "<本机用户名>/resumate/node_modules/.pnpm/@fontsource+geist@5.3.0/node_modules/@fontsource/geist/files/geist-latin-700-normal.woff" is outside of Vite serving allow list.
The request id "<本机用户名>/resumate/node_modules/.pnpm/@fontsource+geist@5.3.0/node_modules/@fontsource/geist/files/geist-latin-400-normal.woff2" is outside of Vite serving allow list.
The request id "<本机用户名>/resumate/node_modules/.pnpm/@fontsource+geist@5.3.0/node_modules/@fontsource/geist/files/geist-latin-400-normal.woff" is outside of Vite serving allow list.
The request id "<本机用户名>/resumate/node_modules/.pnpm/@fontsource+geist@5.3.0/node_modules/@fontsource/geist/files/geist-latin-500-normal.woff2" is outside of Vite serving allow list.
The request id "<本机用户名>/resumate/node_modules/.pnpm/@fontsource+geist@5.3.0/node_modules/@fontsource/geist/files/geist-latin-700-normal.woff2" is outside of Vite serving allow list.
The request id "<本机用户名>/resumate/node_modules/.pnpm/@fontsource+geist@5.3.0/node_modules/@fontsource/geist/files/geist-latin-500-normal.woff" is outside of Vite serving allow list.
The request id "<本机用户名>/resumate/node_modules/.pnpm/@fontsource+geist@5.3.0/node_modules/@fontsource/geist/files/geist-latin-700-normal.woff" is outside of Vite serving allow list.
The request id "<本机用户名>/resumate/node_modules/.pnpm/@fontsource+geist@5.3.0/node_modules/@fontsource/geist/files/geist-latin-400-normal.woff2" is outside of Vite serving allow list.
The request id "<本机用户名>/resumate/node_modules/.pnpm/@fontsource+geist@5.3.0/node_modules/@fontsource/geist/files/geist-latin-400-normal.woff" is outside of Vite serving allow list.
The request id "<本机用户名>/resumate/node_modules/.pnpm/@fontsource+geist@5.3.0/node_modules/@fontsource/geist/files/geist-latin-500-normal.woff2" is outside of Vite serving allow list.
The request id "<本机用户名>/resumate/node_modules/.pnpm/@fontsource+geist@5.3.0/node_modules/@fontsource/geist/files/geist-latin-700-normal.woff2" is outside of Vite serving allow list.
The request id "<本机用户名>/resumate/node_modules/.pnpm/@fontsource+geist@5.3.0/node_modules/@fontsource/geist/files/geist-latin-500-normal.woff" is outside of Vite serving allow list.
The request id "<本机用户名>/resumate/node_modules/.pnpm/@fontsource+geist@5.3.0/node_modules/@fontsource/geist/files/geist-latin-700-normal.woff" is outside of Vite serving allow list.
The request id "<本机用户名>/resumate/node_modules/.pnpm/@fontsource+geist@5.3.0/node_modules/@fontsource/geist/files/geist-latin-400-normal.woff2" is outside of Vite serving allow list.
The request id "<本机用户名>/resumate/node_modules/.pnpm/@fontsource+geist@5.3.0/node_modules/@fontsource/geist/files/geist-latin-400-normal.woff" is outside of Vite serving allow list.
The request id "<本机用户名>/resumate/node_modules/.pnpm/@fontsource+geist@5.3.0/node_modules/@fontsource/geist/files/geist-latin-500-normal.woff2" is outside of Vite serving allow list.
The request id "<本机用户名>/resumate/node_modules/.pnpm/@fontsource+geist@5.3.0/node_modules/@fontsource/geist/files/geist-latin-700-normal.woff2" is outside of Vite serving allow list.
The request id "<本机用户名>/resumate/node_modules/.pnpm/@fontsource+geist@5.3.0/node_modules/@fontsource/geist/files/geist-latin-500-normal.woff" is outside of Vite serving allow list.
The request id "<本机用户名>/resumate/node_modules/.pnpm/@fontsource+geist@5.3.0/node_modules/@fontsource/geist/files/geist-latin-700-normal.woff" is outside of Vite serving allow list.
The request id "<本机用户名>/resumate/node_modules/.pnpm/@fontsource+geist@5.3.0/node_modules/@fontsource/geist/files/geist-latin-400-normal.woff2" is outside of Vite serving allow list.
The request id "<本机用户名>/resumate/node_modules/.pnpm/@fontsource+geist@5.3.0/node_modules/@fontsource/geist/files/geist-latin-400-normal.woff" is outside of Vite serving allow list.
The request id "<本机用户名>/resumate/node_modules/.pnpm/@fontsource+geist@5.3.0/node_modules/@fontsource/geist/files/geist-latin-500-normal.woff2" is outside of Vite serving allow list.
The request id "<本机用户名>/resumate/node_modules/.pnpm/@fontsource+geist@5.3.0/node_modules/@fontsource/geist/files/geist-latin-700-normal.woff2" is outside of Vite serving allow list.
The request id "<本机用户名>/resumate/node_modules/.pnpm/@fontsource+geist@5.3.0/node_modules/@fontsource/geist/files/geist-latin-500-normal.woff" is outside of Vite serving allow list.
The request id "<本机用户名>/resumate/node_modules/.pnpm/@fontsource+geist@5.3.0/node_modules/@fontsource/geist/files/geist-latin-700-normal.woff" is outside of Vite serving allow list.
The request id "<本机用户名>/resumate/node_modules/.pnpm/@fontsource+geist@5.3.0/node_modules/@fontsource/geist/files/geist-latin-400-normal.woff2" is outside of Vite serving allow list.
The request id "<本机用户名>/resumate/node_modules/.pnpm/@fontsource+geist@5.3.0/node_modules/@fontsource/geist/files/geist-latin-400-normal.woff" is outside of Vite serving allow list.
The request id "<本机用户名>/resumate/node_modules/.pnpm/@fontsource+geist@5.3.0/node_modules/@fontsource/geist/files/geist-latin-500-normal.woff2" is outside of Vite serving allow list.
The request id "<本机用户名>/resumate/node_modules/.pnpm/@fontsource+geist@5.3.0/node_modules/@fontsource/geist/files/geist-latin-700-normal.woff2" is outside of Vite serving allow list.
The request id "<本机用户名>/resumate/node_modules/.pnpm/@fontsource+geist@5.3.0/node_modules/@fontsource/geist/files/geist-latin-500-normal.woff" is outside of Vite serving allow list.
The request id "<本机用户名>/resumate/node_modules/.pnpm/@fontsource+geist@5.3.0/node_modules/@fontsource/geist/files/geist-latin-700-normal.woff" is outside of Vite serving allow list.
The request id "<本机用户名>/resumate/node_modules/.pnpm/@fontsource+geist@5.3.0/node_modules/@fontsource/geist/files/geist-latin-400-normal.woff2" is outside of Vite serving allow list.
The request id "<本机用户名>/resumate/node_modules/.pnpm/@fontsource+geist@5.3.0/node_modules/@fontsource/geist/files/geist-latin-400-normal.woff" is outside of Vite serving allow list.
The request id "<本机用户名>/resumate/node_modules/.pnpm/@fontsource+geist@5.3.0/node_modules/@fontsource/geist/files/geist-latin-500-normal.woff2" is outside of Vite serving allow list.
The request id "<本机用户名>/resumate/node_modules/.pnpm/@fontsource+geist@5.3.0/node_modules/@fontsource/geist/files/geist-latin-700-normal.woff2" is outside of Vite serving allow list.
The request id "<本机用户名>/resumate/node_modules/.pnpm/@fontsource+geist@5.3.0/node_modules/@fontsource/geist/files/geist-latin-500-normal.woff" is outside of Vite serving allow list.
The request id "<本机用户名>/resumate/node_modules/.pnpm/@fontsource+geist@5.3.0/node_modules/@fontsource/geist/files/geist-latin-700-normal.woff" is outside of Vite serving allow list.
The request id "<本机用户名>/resumate/node_modules/.pnpm/@fontsource+geist@5.3.0/node_modules/@fontsource/geist/files/geist-latin-400-normal.woff2" is outside of Vite serving allow list.
The request id "<本机用户名>/resumate/node_modules/.pnpm/@fontsource+geist@5.3.0/node_modules/@fontsource/geist/files/geist-latin-400-normal.woff" is outside of Vite serving allow list.
The request id "<本机用户名>/resumate/node_modules/.pnpm/@fontsource+geist@5.3.0/node_modules/@fontsource/geist/files/geist-latin-700-normal.woff2" is outside of Vite serving allow list.
The request id "<本机用户名>/resumate/node_modules/.pnpm/@fontsource+geist@5.3.0/node_modules/@fontsource/geist/files/geist-latin-700-normal.woff" is outside of Vite serving allow list.
The request id "<本机用户名>/resumate/node_modules/.pnpm/@fontsource+geist@5.3.0/node_modules/@fontsource/geist/files/geist-latin-500-normal.woff2" is outside of Vite serving allow list.
The request id "<本机用户名>/resumate/node_modules/.pnpm/@fontsource+geist@5.3.0/node_modules/@fontsource/geist/files/geist-latin-500-normal.woff" is outside of Vite serving allow list.
The request id "<本机用户名>/resumate/node_modules/.pnpm/@fontsource+geist@5.3.0/node_modules/@fontsource/geist/files/geist-latin-400-normal.woff2" is outside of Vite serving allow list.
The request id "<本机用户名>/resumate/node_modules/.pnpm/@fontsource+geist@5.3.0/node_modules/@fontsource/geist/files/geist-latin-400-normal.woff" is outside of Vite serving allow list.
The request id "<本机用户名>/resumate/node_modules/.pnpm/@fontsource+geist@5.3.0/node_modules/@fontsource/geist/files/geist-latin-700-normal.woff2" is outside of Vite serving allow list.
The request id "<本机用户名>/resumate/node_modules/.pnpm/@fontsource+geist@5.3.0/node_modules/@fontsource/geist/files/geist-latin-700-normal.woff" is outside of Vite serving allow list.
The request id "<本机用户名>/resumate/node_modules/.pnpm/@fontsource+geist@5.3.0/node_modules/@fontsource/geist/files/geist-latin-500-normal.woff2" is outside of Vite serving allow list.
The request id "<本机用户名>/resumate/node_modules/.pnpm/@fontsource+geist@5.3.0/node_modules/@fontsource/geist/files/geist-latin-500-normal.woff" is outside of Vite serving allow list.
The request id "<本机用户名>/resumate/node_modules/.pnpm/@fontsource+geist@5.3.0/node_modules/@fontsource/geist/files/geist-latin-400-normal.woff2" is outside of Vite serving allow list.
The request id "<本机用户名>/resumate/node_modules/.pnpm/@fontsource+geist@5.3.0/node_modules/@fontsource/geist/files/geist-latin-400-normal.woff" is outside of Vite serving allow list.
The request id "<本机用户名>/resumate/node_modules/.pnpm/@fontsource+geist@5.3.0/node_modules/@fontsource/geist/files/geist-latin-500-normal.woff2" is outside of Vite serving allow list.
The request id "<本机用户名>/resumate/node_modules/.pnpm/@fontsource+geist@5.3.0/node_modules/@fontsource/geist/files/geist-latin-700-normal.woff2" is outside of Vite serving allow list.
The request id "<本机用户名>/resumate/node_modules/.pnpm/@fontsource+geist@5.3.0/node_modules/@fontsource/geist/files/geist-latin-500-normal.woff" is outside of Vite serving allow list.
The request id "<本机用户名>/resumate/node_modules/.pnpm/@fontsource+geist@5.3.0/node_modules/@fontsource/geist/files/geist-latin-700-normal.woff" is outside of Vite serving allow list.
The request id "<本机用户名>/resumate/node_modules/.pnpm/@fontsource+geist@5.3.0/node_modules/@fontsource/geist/files/geist-latin-400-normal.woff2" is outside of Vite serving allow list.
The request id "<本机用户名>/resumate/node_modules/.pnpm/@fontsource+geist@5.3.0/node_modules/@fontsource/geist/files/geist-latin-400-normal.woff" is outside of Vite serving allow list.
The request id "<本机用户名>/resumate/node_modules/.pnpm/@fontsource+geist@5.3.0/node_modules/@fontsource/geist/files/geist-latin-700-normal.woff2" is outside of Vite serving allow list.
The request id "<本机用户名>/resumate/node_modules/.pnpm/@fontsource+geist@5.3.0/node_modules/@fontsource/geist/files/geist-latin-700-normal.woff" is outside of Vite serving allow list.
The request id "<本机用户名>/resumate/node_modules/.pnpm/@fontsource+geist@5.3.0/node_modules/@fontsource/geist/files/geist-latin-400-normal.woff2" is outside of Vite serving allow list.
The request id "<本机用户名>/resumate/node_modules/.pnpm/@fontsource+geist@5.3.0/node_modules/@fontsource/geist/files/geist-latin-400-normal.woff" is outside of Vite serving allow list.
The request id "<本机用户名>/resumate/node_modules/.pnpm/@fontsource+geist@5.3.0/node_modules/@fontsource/geist/files/geist-latin-500-normal.woff2" is outside of Vite serving allow list.
The request id "<本机用户名>/resumate/node_modules/.pnpm/@fontsource+geist@5.3.0/node_modules/@fontsource/geist/files/geist-latin-700-normal.woff2" is outside of Vite serving allow list.
The request id "<本机用户名>/resumate/node_modules/.pnpm/@fontsource+geist@5.3.0/node_modules/@fontsource/geist/files/geist-latin-500-normal.woff" is outside of Vite serving allow list.
The request id "<本机用户名>/resumate/node_modules/.pnpm/@fontsource+geist@5.3.0/node_modules/@fontsource/geist/files/geist-latin-700-normal.woff" is outside of Vite serving allow list.
The request id "<本机用户名>/resumate/node_modules/.pnpm/@fontsource+geist@5.3.0/node_modules/@fontsource/geist/files/geist-latin-400-normal.woff2" is outside of Vite serving allow list.
The request id "<本机用户名>/resumate/node_modules/.pnpm/@fontsource+geist@5.3.0/node_modules/@fontsource/geist/files/geist-latin-400-normal.woff" is outside of Vite serving allow list.
The request id "<本机用户名>/resumate/node_modules/.pnpm/@fontsource+geist@5.3.0/node_modules/@fontsource/geist/files/geist-latin-700-normal.woff2" is outside of Vite serving allow list.
The request id "<本机用户名>/resumate/node_modules/.pnpm/@fontsource+geist@5.3.0/node_modules/@fontsource/geist/files/geist-latin-700-normal.woff" is outside of Vite serving allow list.
The request id "<本机用户名>/resumate/node_modules/.pnpm/@fontsource+geist@5.3.0/node_modules/@fontsource/geist/files/geist-latin-500-normal.woff2" is outside of Vite serving allow list.
The request id "<本机用户名>/resumate/node_modules/.pnpm/@fontsource+geist@5.3.0/node_modules/@fontsource/geist/files/geist-latin-500-normal.woff" is outside of Vite serving allow list.
The request id "<本机用户名>/resumate/node_modules/.pnpm/@fontsource+geist@5.3.0/node_modules/@fontsource/geist/files/geist-latin-400-normal.woff2" is outside of Vite serving allow list.
The request id "<本机用户名>/resumate/node_modules/.pnpm/@fontsource+geist@5.3.0/node_modules/@fontsource/geist/files/geist-latin-400-normal.woff" is outside of Vite serving allow list.
The request id "<本机用户名>/resumate/node_modules/.pnpm/@fontsource+geist@5.3.0/node_modules/@fontsource/geist/files/geist-latin-500-normal.woff2" is outside of Vite serving allow list.
The request id "<本机用户名>/resumate/node_modules/.pnpm/@fontsource+geist@5.3.0/node_modules/@fontsource/geist/files/geist-latin-700-normal.woff2" is outside of Vite serving allow list.
The request id "<本机用户名>/resumate/node_modules/.pnpm/@fontsource+geist@5.3.0/node_modules/@fontsource/geist/files/geist-latin-500-normal.woff" is outside of Vite serving allow list.
The request id "<本机用户名>/resumate/node_modules/.pnpm/@fontsource+geist@5.3.0/node_modules/@fontsource/geist/files/geist-latin-700-normal.woff" is outside of Vite serving allow list.
The request id "<本机用户名>/resumate/node_modules/.pnpm/@fontsource+geist@5.3.0/node_modules/@fontsource/geist/files/geist-latin-400-normal.woff2" is outside of Vite serving allow list.
The request id "<本机用户名>/resumate/node_modules/.pnpm/@fontsource+geist@5.3.0/node_modules/@fontsource/geist/files/geist-latin-400-normal.woff" is outside of Vite serving allow list.
The request id "<本机用户名>/resumate/node_modules/.pnpm/@fontsource+geist@5.3.0/node_modules/@fontsource/geist/files/geist-latin-500-normal.woff2" is outside of Vite serving allow list.
The request id "<本机用户名>/resumate/node_modules/.pnpm/@fontsource+geist@5.3.0/node_modules/@fontsource/geist/files/geist-latin-700-normal.woff2" is outside of Vite serving allow list.
The request id "<本机用户名>/resumate/node_modules/.pnpm/@fontsource+geist@5.3.0/node_modules/@fontsource/geist/files/geist-latin-500-normal.woff" is outside of Vite serving allow list.
The request id "<本机用户名>/resumate/node_modules/.pnpm/@fontsource+geist@5.3.0/node_modules/@fontsource/geist/files/geist-latin-700-normal.woff" is outside of Vite serving allow list.
The request id "<本机用户名>/resumate/node_modules/.pnpm/@fontsource+geist@5.3.0/node_modules/@fontsource/geist/files/geist-latin-400-normal.woff2" is outside of Vite serving allow list.
The request id "<本机用户名>/resumate/node_modules/.pnpm/@fontsource+geist@5.3.0/node_modules/@fontsource/geist/files/geist-latin-400-normal.woff" is outside of Vite serving allow list.
The request id "<本机用户名>/resumate/node_modules/.pnpm/@fontsource+geist@5.3.0/node_modules/@fontsource/geist/files/geist-latin-700-normal.woff2" is outside of Vite serving allow list.
The request id "<本机用户名>/resumate/node_modules/.pnpm/@fontsource+geist@5.3.0/node_modules/@fontsource/geist/files/geist-latin-700-normal.woff" is outside of Vite serving allow list.
The request id "<本机用户名>/resumate/node_modules/.pnpm/@fontsource+geist@5.3.0/node_modules/@fontsource/geist/files/geist-latin-500-normal.woff2" is outside of Vite serving allow list.
The request id "<本机用户名>/resumate/node_modules/.pnpm/@fontsource+geist@5.3.0/node_modules/@fontsource/geist/files/geist-latin-500-normal.woff" is outside of Vite serving allow list.
The request id "<本机用户名>/resumate/node_modules/.pnpm/@fontsource+geist@5.3.0/node_modules/@fontsource/geist/files/geist-latin-400-normal.woff2" is outside of Vite serving allow list.
The request id "<本机用户名>/resumate/node_modules/.pnpm/@fontsource+geist@5.3.0/node_modules/@fontsource/geist/files/geist-latin-400-normal.woff" is outside of Vite serving allow list.
The request id "<本机用户名>/resumate/node_modules/.pnpm/@fontsource+geist@5.3.0/node_modules/@fontsource/geist/files/geist-latin-500-normal.woff2" is outside of Vite serving allow list.
The request id "<本机用户名>/resumate/node_modules/.pnpm/@fontsource+geist@5.3.0/node_modules/@fontsource/geist/files/geist-latin-700-normal.woff2" is outside of Vite serving allow list.
The request id "<本机用户名>/resumate/node_modules/.pnpm/@fontsource+geist@5.3.0/node_modules/@fontsource/geist/files/geist-latin-500-normal.woff" is outside of Vite serving allow list.
The request id "<本机用户名>/resumate/node_modules/.pnpm/@fontsource+geist@5.3.0/node_modules/@fontsource/geist/files/geist-latin-700-normal.woff" is outside of Vite serving allow list.
The request id "<本机用户名>/resumate/node_modules/.pnpm/@fontsource+geist@5.3.0/node_modules/@fontsource/geist/files/geist-latin-400-normal.woff2" is outside of Vite serving allow list.
The request id "<本机用户名>/resumate/node_modules/.pnpm/@fontsource+geist@5.3.0/node_modules/@fontsource/geist/files/geist-latin-400-normal.woff" is outside of Vite serving allow list.
The request id "<本机用户名>/resumate/node_modules/.pnpm/@fontsource+geist@5.3.0/node_modules/@fontsource/geist/files/geist-latin-500-normal.woff2" is outside of Vite serving allow list.
The request id "<本机用户名>/resumate/node_modules/.pnpm/@fontsource+geist@5.3.0/node_modules/@fontsource/geist/files/geist-latin-700-normal.woff2" is outside of Vite serving allow list.
The request id "<本机用户名>/resumate/node_modules/.pnpm/@fontsource+geist@5.3.0/node_modules/@fontsource/geist/files/geist-latin-500-normal.woff" is outside of Vite serving allow list.
The request id "<本机用户名>/resumate/node_modules/.pnpm/@fontsource+geist@5.3.0/node_modules/@fontsource/geist/files/geist-latin-700-normal.woff" is outside of Vite serving allow list.
The request id "<本机用户名>/resumate/node_modules/.pnpm/@fontsource+geist@5.3.0/node_modules/@fontsource/geist/files/geist-latin-400-normal.woff2" is outside of Vite serving allow list.
The request id "<本机用户名>/resumate/node_modules/.pnpm/@fontsource+geist@5.3.0/node_modules/@fontsource/geist/files/geist-latin-400-normal.woff" is outside of Vite serving allow list.
The request id "<本机用户名>/resumate/node_modules/.pnpm/@fontsource+geist@5.3.0/node_modules/@fontsource/geist/files/geist-latin-500-normal.woff2" is outside of Vite serving allow list.
The request id "<本机用户名>/resumate/node_modules/.pnpm/@fontsource+geist@5.3.0/node_modules/@fontsource/geist/files/geist-latin-700-normal.woff2" is outside of Vite serving allow list.
The request id "<本机用户名>/resumate/node_modules/.pnpm/@fontsource+geist@5.3.0/node_modules/@fontsource/geist/files/geist-latin-500-normal.woff" is outside of Vite serving allow list.
The request id "<本机用户名>/resumate/node_modules/.pnpm/@fontsource+geist@5.3.0/node_modules/@fontsource/geist/files/geist-latin-700-normal.woff" is outside of Vite serving allow list.
The request id "<本机用户名>/resumate/node_modules/.pnpm/@fontsource+geist@5.3.0/node_modules/@fontsource/geist/files/geist-latin-400-normal.woff2" is outside of Vite serving allow list.
The request id "<本机用户名>/resumate/node_modules/.pnpm/@fontsource+geist@5.3.0/node_modules/@fontsource/geist/files/geist-latin-400-normal.woff" is outside of Vite serving allow list.
The request id "<本机用户名>/resumate/node_modules/.pnpm/@fontsource+geist@5.3.0/node_modules/@fontsource/geist/files/geist-latin-500-normal.woff2" is outside of Vite serving allow list.
The request id "<本机用户名>/resumate/node_modules/.pnpm/@fontsource+geist@5.3.0/node_modules/@fontsource/geist/files/geist-latin-700-normal.woff2" is outside of Vite serving allow list.
The request id "<本机用户名>/resumate/node_modules/.pnpm/@fontsource+geist@5.3.0/node_modules/@fontsource/geist/files/geist-latin-500-normal.woff" is outside of Vite serving allow list.
The request id "<本机用户名>/resumate/node_modules/.pnpm/@fontsource+geist@5.3.0/node_modules/@fontsource/geist/files/geist-latin-700-normal.woff" is outside of Vite serving allow list.
The request id "<本机用户名>/resumate/node_modules/.pnpm/@fontsource+geist@5.3.0/node_modules/@fontsource/geist/files/geist-latin-400-normal.woff2" is outside of Vite serving allow list.
The request id "<本机用户名>/resumate/node_modules/.pnpm/@fontsource+geist@5.3.0/node_modules/@fontsource/geist/files/geist-latin-400-normal.woff" is outside of Vite serving allow list.
The request id "<本机用户名>/resumate/node_modules/.pnpm/@fontsource+geist@5.3.0/node_modules/@fontsource/geist/files/geist-latin-500-normal.woff2" is outside of Vite serving allow list.
The request id "<本机用户名>/resumate/node_modules/.pnpm/@fontsource+geist@5.3.0/node_modules/@fontsource/geist/files/geist-latin-700-normal.woff2" is outside of Vite serving allow list.
The request id "<本机用户名>/resumate/node_modules/.pnpm/@fontsource+geist@5.3.0/node_modules/@fontsource/geist/files/geist-latin-500-normal.woff" is outside of Vite serving allow list.
The request id "<本机用户名>/resumate/node_modules/.pnpm/@fontsource+geist@5.3.0/node_modules/@fontsource/geist/files/geist-latin-700-normal.woff" is outside of Vite serving allow list.
The request id "<本机用户名>/resumate/node_modules/.pnpm/@fontsource+geist@5.3.0/node_modules/@fontsource/geist/files/geist-latin-400-normal.woff2" is outside of Vite serving allow list.
The request id "<本机用户名>/resumate/node_modules/.pnpm/@fontsource+geist@5.3.0/node_modules/@fontsource/geist/files/geist-latin-400-normal.woff" is outside of Vite serving allow list.
The request id "<本机用户名>/resumate/node_modules/.pnpm/@fontsource+geist@5.3.0/node_modules/@fontsource/geist/files/geist-latin-500-normal.woff2" is outside of Vite serving allow list.
The request id "<本机用户名>/resumate/node_modules/.pnpm/@fontsource+geist@5.3.0/node_modules/@fontsource/geist/files/geist-latin-700-normal.woff2" is outside of Vite serving allow list.
The request id "<本机用户名>/resumate/node_modules/.pnpm/@fontsource+geist@5.3.0/node_modules/@fontsource/geist/files/geist-latin-500-normal.woff" is outside of Vite serving allow list.
The request id "<本机用户名>/resumate/node_modules/.pnpm/@fontsource+geist@5.3.0/node_modules/@fontsource/geist/files/geist-latin-700-normal.woff" is outside of Vite serving allow list.
3:17:34 PM [vite] (client) hmr update /src/index.css, /src/components/create-resume-modal.tsx
3:17:34 PM [vite] (client) hmr update /src/index.css, /src/App.tsx, /src/pages/profile.tsx, /src/pages/login.tsx, /src/pages/reset-password.tsx, /src/pages/verify-email.tsx, /src/pages/resumes.tsx, /src/pages/resume-editor.tsx, /src/pages/resume-versions.tsx, /src/pages/jds.tsx, /src/pages/jd-detail.tsx, /src/pages/rbac.tsx, /src/pages/templates.tsx, /src/pages/template-editor.tsx, /src/pages/workbench.tsx, /src/components/app-nav.tsx, /src/components/theme-sync.tsx, /src/components/resume-library.tsx and 19 more
3:17:34 PM [vite] (client) hmr update /src/index.css, /src/App.tsx, /src/pages/profile.tsx, /src/pages/login.tsx, /src/pages/reset-password.tsx, /src/pages/verify-email.tsx, /src/pages/resumes.tsx, /src/pages/resume-editor.tsx, /src/pages/resume-versions.tsx, /src/pages/jds.tsx, /src/pages/jd-detail.tsx, /src/pages/rbac.tsx, /src/pages/templates.tsx, /src/pages/template-editor.tsx, /src/pages/workbench.tsx, /src/components/app-nav.tsx, /src/components/theme-sync.tsx, /src/components/resume-library.tsx and 19 more
The request id "<本机用户名>/resumate/node_modules/.pnpm/@fontsource+geist@5.3.0/node_modules/@fontsource/geist/files/geist-latin-400-normal.woff2" is outside of Vite serving allow list.
The request id "<本机用户名>/resumate/node_modules/.pnpm/@fontsource+geist@5.3.0/node_modules/@fontsource/geist/files/geist-latin-400-normal.woff" is outside of Vite serving allow list.
The request id "<本机用户名>/resumate/node_modules/.pnpm/@fontsource+geist@5.3.0/node_modules/@fontsource/geist/files/geist-latin-700-normal.woff2" is outside of Vite serving allow list.
The request id "<本机用户名>/resumate/node_modules/.pnpm/@fontsource+geist@5.3.0/node_modules/@fontsource/geist/files/geist-latin-700-normal.woff" is outside of Vite serving allow list.
The request id "<本机用户名>/resumate/node_modules/.pnpm/@fontsource+geist@5.3.0/node_modules/@fontsource/geist/files/geist-latin-400-normal.woff2" is outside of Vite serving allow list.
The request id "<本机用户名>/resumate/node_modules/.pnpm/@fontsource+geist@5.3.0/node_modules/@fontsource/geist/files/geist-latin-400-normal.woff" is outside of Vite serving allow list.
The request id "<本机用户名>/resumate/node_modules/.pnpm/@fontsource+geist@5.3.0/node_modules/@fontsource/geist/files/geist-latin-500-normal.woff2" is outside of Vite serving allow list.
The request id "<本机用户名>/resumate/node_modules/.pnpm/@fontsource+geist@5.3.0/node_modules/@fontsource/geist/files/geist-latin-700-normal.woff2" is outside of Vite serving allow list.
The request id "<本机用户名>/resumate/node_modules/.pnpm/@fontsource+geist@5.3.0/node_modules/@fontsource/geist/files/geist-latin-500-normal.woff" is outside of Vite serving allow list.
The request id "<本机用户名>/resumate/node_modules/.pnpm/@fontsource+geist@5.3.0/node_modules/@fontsource/geist/files/geist-latin-700-normal.woff" is outside of Vite serving allow list.
The request id "<本机用户名>/resumate/node_modules/.pnpm/@fontsource+geist@5.3.0/node_modules/@fontsource/geist/files/geist-latin-400-normal.woff2" is outside of Vite serving allow list.
The request id "<本机用户名>/resumate/node_modules/.pnpm/@fontsource+geist@5.3.0/node_modules/@fontsource/geist/files/geist-latin-400-normal.woff" is outside of Vite serving allow list.
The request id "<本机用户名>/resumate/node_modules/.pnpm/@fontsource+geist@5.3.0/node_modules/@fontsource/geist/files/geist-latin-700-normal.woff2" is outside of Vite serving allow list.
The request id "<本机用户名>/resumate/node_modules/.pnpm/@fontsource+geist@5.3.0/node_modules/@fontsource/geist/files/geist-latin-700-normal.woff" is outside of Vite serving allow list.
The request id "<本机用户名>/resumate/node_modules/.pnpm/@fontsource+geist@5.3.0/node_modules/@fontsource/geist/files/geist-latin-400-normal.woff2" is outside of Vite serving allow list.
The request id "<本机用户名>/resumate/node_modules/.pnpm/@fontsource+geist@5.3.0/node_modules/@fontsource/geist/files/geist-latin-400-normal.woff" is outside of Vite serving allow list.
The request id "<本机用户名>/resumate/node_modules/.pnpm/@fontsource+geist@5.3.0/node_modules/@fontsource/geist/files/geist-latin-500-normal.woff2" is outside of Vite serving allow list.
The request id "<本机用户名>/resumate/node_modules/.pnpm/@fontsource+geist@5.3.0/node_modules/@fontsource/geist/files/geist-latin-700-normal.woff2" is outside of Vite serving allow list.
The request id "<本机用户名>/resumate/node_modules/.pnpm/@fontsource+geist@5.3.0/node_modules/@fontsource/geist/files/geist-latin-500-normal.woff" is outside of Vite serving allow list.
The request id "<本机用户名>/resumate/node_modules/.pnpm/@fontsource+geist@5.3.0/node_modules/@fontsource/geist/files/geist-latin-700-normal.woff" is outside of Vite serving allow list.
The request id "<本机用户名>/resumate/node_modules/.pnpm/@fontsource+geist@5.3.0/node_modules/@fontsource/geist/files/geist-latin-400-normal.woff2" is outside of Vite serving allow list.
The request id "<本机用户名>/resumate/node_modules/.pnpm/@fontsource+geist@5.3.0/node_modules/@fontsource/geist/files/geist-latin-400-normal.woff" is outside of Vite serving allow list.
The request id "<本机用户名>/resumate/node_modules/.pnpm/@fontsource+geist@5.3.0/node_modules/@fontsource/geist/files/geist-latin-500-normal.woff2" is outside of Vite serving allow list.
The request id "<本机用户名>/resumate/node_modules/.pnpm/@fontsource+geist@5.3.0/node_modules/@fontsource/geist/files/geist-latin-700-normal.woff2" is outside of Vite serving allow list.
The request id "<本机用户名>/resumate/node_modules/.pnpm/@fontsource+geist@5.3.0/node_modules/@fontsource/geist/files/geist-latin-500-normal.woff" is outside of Vite serving allow list.
The request id "<本机用户名>/resumate/node_modules/.pnpm/@fontsource+geist@5.3.0/node_modules/@fontsource/geist/files/geist-latin-700-normal.woff" is outside of Vite serving allow list.
The request id "<本机用户名>/resumate/node_modules/.pnpm/@fontsource+geist@5.3.0/node_modules/@fontsource/geist/files/geist-latin-400-normal.woff2" is outside of Vite serving allow list.
The request id "<本机用户名>/resumate/node_modules/.pnpm/@fontsource+geist@5.3.0/node_modules/@fontsource/geist/files/geist-latin-400-normal.woff" is outside of Vite serving allow list.
The request id "<本机用户名>/resumate/node_modules/.pnpm/@fontsource+geist@5.3.0/node_modules/@fontsource/geist/files/geist-latin-500-normal.woff2" is outside of Vite serving allow list.
The request id "<本机用户名>/resumate/node_modules/.pnpm/@fontsource+geist@5.3.0/node_modules/@fontsource/geist/files/geist-latin-700-normal.woff2" is outside of Vite serving allow list.
The request id "<本机用户名>/resumate/node_modules/.pnpm/@fontsource+geist@5.3.0/node_modules/@fontsource/geist/files/geist-latin-500-normal.woff" is outside of Vite serving allow list.
The request id "<本机用户名>/resumate/node_modules/.pnpm/@fontsource+geist@5.3.0/node_modules/@fontsource/geist/files/geist-latin-700-normal.woff" is outside of Vite serving allow list.
The request id "<本机用户名>/resumate/node_modules/.pnpm/@fontsource+geist@5.3.0/node_modules/@fontsource/geist/files/geist-latin-400-normal.woff2" is outside of Vite serving allow list.
The request id "<本机用户名>/resumate/node_modules/.pnpm/@fontsource+geist@5.3.0/node_modules/@fontsource/geist/files/geist-latin-400-normal.woff" is outside of Vite serving allow list.
The request id "<本机用户名>/resumate/node_modules/.pnpm/@fontsource+geist@5.3.0/node_modules/@fontsource/geist/files/geist-latin-700-normal.woff2" is outside of Vite serving allow list.
The request id "<本机用户名>/resumate/node_modules/.pnpm/@fontsource+geist@5.3.0/node_modules/@fontsource/geist/files/geist-latin-700-normal.woff" is outside of Vite serving allow list.
The request id "<本机用户名>/resumate/node_modules/.pnpm/@fontsource+geist@5.3.0/node_modules/@fontsource/geist/files/geist-latin-400-normal.woff2" is outside of Vite serving allow list.
The request id "<本机用户名>/resumate/node_modules/.pnpm/@fontsource+geist@5.3.0/node_modules/@fontsource/geist/files/geist-latin-400-normal.woff" is outside of Vite serving allow list.
The request id "<本机用户名>/resumate/node_modules/.pnpm/@fontsource+geist@5.3.0/node_modules/@fontsource/geist/files/geist-latin-500-normal.woff2" is outside of Vite serving allow list.
The request id "<本机用户名>/resumate/node_modules/.pnpm/@fontsource+geist@5.3.0/node_modules/@fontsource/geist/files/geist-latin-700-normal.woff2" is outside of Vite serving allow list.
The request id "<本机用户名>/resumate/node_modules/.pnpm/@fontsource+geist@5.3.0/node_modules/@fontsource/geist/files/geist-latin-500-normal.woff" is outside of Vite serving allow list.
The request id "<本机用户名>/resumate/node_modules/.pnpm/@fontsource+geist@5.3.0/node_modules/@fontsource/geist/files/geist-latin-700-normal.woff" is outside of Vite serving allow list.
The request id "<本机用户名>/resumate/node_modules/.pnpm/@fontsource+geist@5.3.0/node_modules/@fontsource/geist/files/geist-latin-400-normal.woff2" is outside of Vite serving allow list.
The request id "<本机用户名>/resumate/node_modules/.pnpm/@fontsource+geist@5.3.0/node_modules/@fontsource/geist/files/geist-latin-400-normal.woff" is outside of Vite serving allow list.
The request id "<本机用户名>/resumate/node_modules/.pnpm/@fontsource+geist@5.3.0/node_modules/@fontsource/geist/files/geist-latin-500-normal.woff2" is outside of Vite serving allow list.
The request id "<本机用户名>/resumate/node_modules/.pnpm/@fontsource+geist@5.3.0/node_modules/@fontsource/geist/files/geist-latin-700-normal.woff2" is outside of Vite serving allow list.
The request id "<本机用户名>/resumate/node_modules/.pnpm/@fontsource+geist@5.3.0/node_modules/@fontsource/geist/files/geist-latin-500-normal.woff" is outside of Vite serving allow list.
The request id "<本机用户名>/resumate/node_modules/.pnpm/@fontsource+geist@5.3.0/node_modules/@fontsource/geist/files/geist-latin-700-normal.woff" is outside of Vite serving allow list.
The request id "<本机用户名>/resumate/node_modules/.pnpm/@fontsource+geist@5.3.0/node_modules/@fontsource/geist/files/geist-latin-400-normal.woff2" is outside of Vite serving allow list.
The request id "<本机用户名>/resumate/node_modules/.pnpm/@fontsource+geist@5.3.0/node_modules/@fontsource/geist/files/geist-latin-400-normal.woff" is outside of Vite serving allow list.
The request id "<本机用户名>/resumate/node_modules/.pnpm/@fontsource+geist@5.3.0/node_modules/@fontsource/geist/files/geist-latin-500-normal.woff2" is outside of Vite serving allow list.
The request id "<本机用户名>/resumate/node_modules/.pnpm/@fontsource+geist@5.3.0/node_modules/@fontsource/geist/files/geist-latin-700-normal.woff2" is outside of Vite serving allow list.
The request id "<本机用户名>/resumate/node_modules/.pnpm/@fontsource+geist@5.3.0/node_modules/@fontsource/geist/files/geist-latin-500-normal.woff" is outside of Vite serving allow list.
The request id "<本机用户名>/resumate/node_modules/.pnpm/@fontsource+geist@5.3.0/node_modules/@fontsource/geist/files/geist-latin-700-normal.woff" is outside of Vite serving allow list.
The request id "<本机用户名>/resumate/node_modules/.pnpm/@fontsource+geist@5.3.0/node_modules/@fontsource/geist/files/geist-latin-400-normal.woff2" is outside of Vite serving allow list.
The request id "<本机用户名>/resumate/node_modules/.pnpm/@fontsource+geist@5.3.0/node_modules/@fontsource/geist/files/geist-latin-400-normal.woff" is outside of Vite serving allow list.
The request id "<本机用户名>/resumate/node_modules/.pnpm/@fontsource+geist@5.3.0/node_modules/@fontsource/geist/files/geist-latin-500-normal.woff2" is outside of Vite serving allow list.
The request id "<本机用户名>/resumate/node_modules/.pnpm/@fontsource+geist@5.3.0/node_modules/@fontsource/geist/files/geist-latin-700-normal.woff2" is outside of Vite serving allow list.
The request id "<本机用户名>/resumate/node_modules/.pnpm/@fontsource+geist@5.3.0/node_modules/@fontsource/geist/files/geist-latin-500-normal.woff" is outside of Vite serving allow list.
The request id "<本机用户名>/resumate/node_modules/.pnpm/@fontsource+geist@5.3.0/node_modules/@fontsource/geist/files/geist-latin-700-normal.woff" is outside of Vite serving allow list.
The request id "<本机用户名>/resumate/node_modules/.pnpm/@fontsource+geist@5.3.0/node_modules/@fontsource/geist/files/geist-latin-400-normal.woff2" is outside of Vite serving allow list.
The request id "<本机用户名>/resumate/node_modules/.pnpm/@fontsource+geist@5.3.0/node_modules/@fontsource/geist/files/geist-latin-400-normal.woff" is outside of Vite serving allow list.
The request id "<本机用户名>/resumate/node_modules/.pnpm/@fontsource+geist@5.3.0/node_modules/@fontsource/geist/files/geist-latin-700-normal.woff2" is outside of Vite serving allow list.
The request id "<本机用户名>/resumate/node_modules/.pnpm/@fontsource+geist@5.3.0/node_modules/@fontsource/geist/files/geist-latin-700-normal.woff" is outside of Vite serving allow list.
The request id "<本机用户名>/resumate/node_modules/.pnpm/@fontsource+geist@5.3.0/node_modules/@fontsource/geist/files/geist-latin-500-normal.woff2" is outside of Vite serving allow list.
The request id "<本机用户名>/resumate/node_modules/.pnpm/@fontsource+geist@5.3.0/node_modules/@fontsource/geist/files/geist-latin-400-normal.woff2" is outside of Vite serving allow list.
The request id "<本机用户名>/resumate/node_modules/.pnpm/@fontsource+geist@5.3.0/node_modules/@fontsource/geist/files/geist-latin-400-normal.woff" is outside of Vite serving allow list.
The request id "<本机用户名>/resumate/node_modules/.pnpm/@fontsource+geist@5.3.0/node_modules/@fontsource/geist/files/geist-latin-500-normal.woff2" is outside of Vite serving allow list.
The request id "<本机用户名>/resumate/node_modules/.pnpm/@fontsource+geist@5.3.0/node_modules/@fontsource/geist/files/geist-latin-700-normal.woff2" is outside of Vite serving allow list.
The request id "<本机用户名>/resumate/node_modules/.pnpm/@fontsource+geist@5.3.0/node_modules/@fontsource/geist/files/geist-latin-500-normal.woff" is outside of Vite serving allow list.
The request id "<本机用户名>/resumate/node_modules/.pnpm/@fontsource+geist@5.3.0/node_modules/@fontsource/geist/files/geist-latin-700-normal.woff" is outside of Vite serving allow list.
The request id "<本机用户名>/resumate/node_modules/.pnpm/@fontsource+geist@5.3.0/node_modules/@fontsource/geist/files/geist-latin-400-normal.woff2" is outside of Vite serving allow list.
The request id "<本机用户名>/resumate/node_modules/.pnpm/@fontsource+geist@5.3.0/node_modules/@fontsource/geist/files/geist-latin-400-normal.woff" is outside of Vite serving allow list.
The request id "<本机用户名>/resumate/node_modules/.pnpm/@fontsource+geist@5.3.0/node_modules/@fontsource/geist/files/geist-latin-700-normal.woff2" is outside of Vite serving allow list.
The request id "<本机用户名>/resumate/node_modules/.pnpm/@fontsource+geist@5.3.0/node_modules/@fontsource/geist/files/geist-latin-700-normal.woff" is outside of Vite serving allow list.
The request id "<本机用户名>/resumate/node_modules/.pnpm/@fontsource+geist@5.3.0/node_modules/@fontsource/geist/files/geist-latin-400-normal.woff2" is outside of Vite serving allow list.
The request id "<本机用户名>/resumate/node_modules/.pnpm/@fontsource+geist@5.3.0/node_modules/@fontsource/geist/files/geist-latin-400-normal.woff" is outside of Vite serving allow list.
The request id "<本机用户名>/resumate/node_modules/.pnpm/@fontsource+geist@5.3.0/node_modules/@fontsource/geist/files/geist-latin-500-normal.woff2" is outside of Vite serving allow list.
The request id "<本机用户名>/resumate/node_modules/.pnpm/@fontsource+geist@5.3.0/node_modules/@fontsource/geist/files/geist-latin-700-normal.woff2" is outside of Vite serving allow list.
The request id "<本机用户名>/resumate/node_modules/.pnpm/@fontsource+geist@5.3.0/node_modules/@fontsource/geist/files/geist-latin-500-normal.woff" is outside of Vite serving allow list.
The request id "<本机用户名>/resumate/node_modules/.pnpm/@fontsource+geist@5.3.0/node_modules/@fontsource/geist/files/geist-latin-700-normal.woff" is outside of Vite serving allow list.
The request id "<本机用户名>/resumate/node_modules/.pnpm/@fontsource+geist@5.3.0/node_modules/@fontsource/geist/files/geist-latin-400-normal.woff2" is outside of Vite serving allow list.
The request id "<本机用户名>/resumate/node_modules/.pnpm/@fontsource+geist@5.3.0/node_modules/@fontsource/geist/files/geist-latin-400-normal.woff" is outside of Vite serving allow list.
The request id "<本机用户名>/resumate/node_modules/.pnpm/@fontsource+geist@5.3.0/node_modules/@fontsource/geist/files/geist-latin-500-normal.woff2" is outside of Vite serving allow list.
The request id "<本机用户名>/resumate/node_modules/.pnpm/@fontsource+geist@5.3.0/node_modules/@fontsource/geist/files/geist-latin-700-normal.woff2" is outside of Vite serving allow list.
The request id "<本机用户名>/resumate/node_modules/.pnpm/@fontsource+geist@5.3.0/node_modules/@fontsource/geist/files/geist-latin-500-normal.woff" is outside of Vite serving allow list.
The request id "<本机用户名>/resumate/node_modules/.pnpm/@fontsource+geist@5.3.0/node_modules/@fontsource/geist/files/geist-latin-700-normal.woff" is outside of Vite serving allow list.
The request id "<本机用户名>/resumate/node_modules/.pnpm/@fontsource+geist@5.3.0/node_modules/@fontsource/geist/files/geist-latin-400-normal.woff2" is outside of Vite serving allow list.
The request id "<本机用户名>/resumate/node_modules/.pnpm/@fontsource+geist@5.3.0/node_modules/@fontsource/geist/files/geist-latin-400-normal.woff" is outside of Vite serving allow list.
The request id "<本机用户名>/resumate/node_modules/.pnpm/@fontsource+geist@5.3.0/node_modules/@fontsource/geist/files/geist-latin-500-normal.woff2" is outside of Vite serving allow list.
The request id "<本机用户名>/resumate/node_modules/.pnpm/@fontsource+geist@5.3.0/node_modules/@fontsource/geist/files/geist-latin-700-normal.woff2" is outside of Vite serving allow list.
The request id "<本机用户名>/resumate/node_modules/.pnpm/@fontsource+geist@5.3.0/node_modules/@fontsource/geist/files/geist-latin-500-normal.woff" is outside of Vite serving allow list.
The request id "<本机用户名>/resumate/node_modules/.pnpm/@fontsource+geist@5.3.0/node_modules/@fontsource/geist/files/geist-latin-700-normal.woff" is outside of Vite serving allow list.
The request id "<本机用户名>/resumate/node_modules/.pnpm/@fontsource+geist@5.3.0/node_modules/@fontsource/geist/files/geist-latin-400-normal.woff2" is outside of Vite serving allow list.
The request id "<本机用户名>/resumate/node_modules/.pnpm/@fontsource+geist@5.3.0/node_modules/@fontsource/geist/files/geist-latin-400-normal.woff" is outside of Vite serving allow list.
The request id "<本机用户名>/resumate/node_modules/.pnpm/@fontsource+geist@5.3.0/node_modules/@fontsource/geist/files/geist-latin-500-normal.woff2" is outside of Vite serving allow list.
The request id "<本机用户名>/resumate/node_modules/.pnpm/@fontsource+geist@5.3.0/node_modules/@fontsource/geist/files/geist-latin-700-normal.woff2" is outside of Vite serving allow list.
The request id "<本机用户名>/resumate/node_modules/.pnpm/@fontsource+geist@5.3.0/node_modules/@fontsource/geist/files/geist-latin-500-normal.woff" is outside of Vite serving allow list.
The request id "<本机用户名>/resumate/node_modules/.pnpm/@fontsource+geist@5.3.0/node_modules/@fontsource/geist/files/geist-latin-700-normal.woff" is outside of Vite serving allow list.
The request id "<本机用户名>/resumate/node_modules/.pnpm/@fontsource+geist@5.3.0/node_modules/@fontsource/geist/files/geist-latin-400-normal.woff2" is outside of Vite serving allow list.
The request id "<本机用户名>/resumate/node_modules/.pnpm/@fontsource+geist@5.3.0/node_modules/@fontsource/geist/files/geist-latin-400-normal.woff" is outside of Vite serving allow list.
The request id "<本机用户名>/resumate/node_modules/.pnpm/@fontsource+geist@5.3.0/node_modules/@fontsource/geist/files/geist-latin-700-normal.woff2" is outside of Vite serving allow list.
The request id "<本机用户名>/resumate/node_modules/.pnpm/@fontsource+geist@5.3.0/node_modules/@fontsource/geist/files/geist-latin-700-normal.woff" is outside of Vite serving allow list.
The request id "<本机用户名>/resumate/node_modules/.pnpm/@fontsource+geist@5.3.0/node_modules/@fontsource/geist/files/geist-latin-500-normal.woff2" is outside of Vite serving allow list.
The request id "<本机用户名>/resumate/node_modules/.pnpm/@fontsource+geist@5.3.0/node_modules/@fontsource/geist/files/geist-latin-400-normal.woff2" is outside of Vite serving allow list.
The request id "<本机用户名>/resumate/node_modules/.pnpm/@fontsource+geist@5.3.0/node_modules/@fontsource/geist/files/geist-latin-400-normal.woff" is outside of Vite serving allow list.
The request id "<本机用户名>/resumate/node_modules/.pnpm/@fontsource+geist@5.3.0/node_modules/@fontsource/geist/files/geist-latin-500-normal.woff2" is outside of Vite serving allow list.
The request id "<本机用户名>/resumate/node_modules/.pnpm/@fontsource+geist@5.3.0/node_modules/@fontsource/geist/files/geist-latin-700-normal.woff2" is outside of Vite serving allow list.
The request id "<本机用户名>/resumate/node_modules/.pnpm/@fontsource+geist@5.3.0/node_modules/@fontsource/geist/files/geist-latin-500-normal.woff" is outside of Vite serving allow list.
The request id "<本机用户名>/resumate/node_modules/.pnpm/@fontsource+geist@5.3.0/node_modules/@fontsource/geist/files/geist-latin-700-normal.woff" is outside of Vite serving allow list.
dsh-desktop pnpm runner: pnpm produced no output and touched nothing for 300s; stopping it
dsh-desktop: pnpm terminated with SIGKILL.
3:26:53 PM [vite] (client) page reload prototypes/index.html
3:28:06 PM [vite] (client) page reload prototypes/index.html
3:43:03 PM [vite] (client) hmr update /src/index.css
3:43:03 PM [vite] (client) hmr update /src/index.css, /src/App.tsx, /src/pages/profile.tsx, /src/pages/login.tsx, /src/pages/reset-password.tsx, /src/pages/verify-email.tsx, /src/pages/resumes.tsx, /src/pages/resume-editor.tsx, /src/pages/resume-versions.tsx, /src/pages/jds.tsx, /src/pages/jd-detail.tsx, /src/pages/rbac.tsx, /src/pages/templates.tsx, /src/pages/template-editor.tsx, /src/pages/workbench.tsx, /src/components/app-nav.tsx, /src/components/theme-sync.tsx, /src/components/resume-library.tsx and 19 more
3:43:03 PM [vite] (client) hmr update /src/index.css, /src/App.tsx, /src/pages/profile.tsx, /src/pages/login.tsx, /src/pages/reset-password.tsx, /src/pages/verify-email.tsx, /src/pages/resumes.tsx, /src/pages/resume-editor.tsx, /src/pages/resume-versions.tsx, /src/pages/jds.tsx, /src/pages/jd-detail.tsx, /src/pages/rbac.tsx, /src/pages/templates.tsx, /src/pages/template-editor.tsx, /src/pages/workbench.tsx, /src/components/app-nav.tsx, /src/components/theme-sync.tsx, /src/components/resume-library.tsx and 19 more
3:43:26 PM [vite] (client) hmr update /src/index.css, /src/App.tsx, /src/pages/profile.tsx, /src/pages/login.tsx, /src/pages/reset-password.tsx, /src/pages/verify-email.tsx, /src/pages/resumes.tsx, /src/pages/resume-editor.tsx, /src/pages/resume-versions.tsx, /src/pages/jds.tsx, /src/pages/jd-detail.tsx, /src/pages/rbac.tsx, /src/pages/templates.tsx, /src/pages/template-editor.tsx, /src/pages/workbench.tsx, /src/components/app-nav.tsx, /src/components/theme-sync.tsx, /src/components/resume-library.tsx and 19 more
3:43:40 PM [vite] (client) hmr update /src/index.css, /src/App.tsx, /src/pages/profile.tsx, /src/pages/login.tsx, /src/pages/reset-password.tsx, /src/pages/verify-email.tsx, /src/pages/resumes.tsx, /src/pages/resume-editor.tsx, /src/pages/resume-versions.tsx, /src/pages/jds.tsx, /src/pages/jd-detail.tsx, /src/pages/rbac.tsx, /src/pages/templates.tsx, /src/pages/template-editor.tsx, /src/pages/workbench.tsx, /src/components/app-nav.tsx, /src/components/theme-sync.tsx, /src/components/resume-library.tsx and 19 more
3:44:24 PM [vite] (client) hmr update /src/index.css, /src/App.tsx, /src/pages/profile.tsx, /src/pages/login.tsx, /src/pages/reset-password.tsx, /src/pages/verify-email.tsx, /src/pages/resumes.tsx, /src/pages/resume-editor.tsx, /src/pages/resume-versions.tsx, /src/pages/jds.tsx, /src/pages/jd-detail.tsx, /src/pages/rbac.tsx, /src/pages/templates.tsx, /src/pages/template-editor.tsx, /src/pages/workbench.tsx, /src/components/app-nav.tsx, /src/components/theme-sync.tsx, /src/components/resume-library.tsx and 19 more
3:44:24 PM [vite] (client) hmr update /src/index.css, /src/App.tsx, /src/pages/profile.tsx, /src/pages/login.tsx, /src/pages/reset-password.tsx, /src/pages/verify-email.tsx, /src/pages/resumes.tsx, /src/pages/resume-editor.tsx, /src/pages/resume-versions.tsx, /src/pages/jds.tsx, /src/pages/jd-detail.tsx, /src/pages/rbac.tsx, /src/pages/templates.tsx, /src/pages/template-editor.tsx, /src/pages/workbench.tsx, /src/components/app-nav.tsx, /src/components/theme-sync.tsx, /src/components/resume-library.tsx and 19 more
3:44:48 PM [vite] (client) hmr update /src/index.css, /src/App.tsx, /src/pages/profile.tsx, /src/pages/login.tsx, /src/pages/reset-password.tsx, /src/pages/verify-email.tsx, /src/pages/resumes.tsx, /src/pages/resume-editor.tsx, /src/pages/resume-versions.tsx, /src/pages/jds.tsx, /src/pages/jd-detail.tsx, /src/pages/rbac.tsx, /src/pages/templates.tsx, /src/pages/template-editor.tsx, /src/pages/workbench.tsx, /src/components/app-nav.tsx, /src/components/theme-sync.tsx, /src/components/resume-library.tsx and 19 more
3:55:00 PM [vite] (client) hmr update /src/index.css
3:55:09 PM [vite] (client) hmr update /src/index.css, /src/App.tsx, /src/pages/profile.tsx, /src/pages/login.tsx, /src/pages/reset-password.tsx, /src/pages/verify-email.tsx, /src/pages/resumes.tsx, /src/pages/resume-editor.tsx, /src/pages/resume-versions.tsx, /src/pages/jds.tsx, /src/pages/jd-detail.tsx, /src/pages/rbac.tsx, /src/pages/templates.tsx, /src/pages/template-editor.tsx, /src/pages/workbench.tsx, /src/components/app-nav.tsx, /src/components/theme-sync.tsx, /src/components/resume-library.tsx and 19 more
3:55:10 PM [vite] (client) hmr update /src/index.css, /src/pages/resumes.tsx, /src/pages/resume-editor.tsx, /src/pages/resume-versions.tsx, /src/pages/jds.tsx, /src/pages/jd-detail.tsx, /src/pages/profile.tsx, /src/pages/rbac.tsx, /src/pages/templates.tsx, /src/pages/template-editor.tsx, /src/pages/login.tsx, /src/pages/reset-password.tsx, /src/pages/workbench.tsx, /src/pages/verify-email.tsx, /src/components/app-nav.tsx, /src/components/theme-sync.tsx, /src/components/resume-library.tsx, /src/components/resume-editor.tsx and 15 more
3:55:14 PM [vite] (client) hmr update /src/index.css, /src/pages/resumes.tsx, /src/pages/resume-editor.tsx, /src/pages/resume-versions.tsx, /src/pages/jds.tsx, /src/pages/jd-detail.tsx, /src/pages/profile.tsx, /src/pages/rbac.tsx, /src/pages/templates.tsx, /src/pages/template-editor.tsx, /src/pages/login.tsx, /src/pages/reset-password.tsx, /src/pages/workbench.tsx, /src/pages/verify-email.tsx, /src/components/app-nav.tsx, /src/components/theme-sync.tsx, /src/components/resume-library.tsx, /src/components/resume-editor.tsx and 15 more
3:55:18 PM [vite] (client) hmr update /src/index.css, /src/pages/resumes.tsx, /src/pages/resume-editor.tsx, /src/pages/resume-versions.tsx, /src/pages/jds.tsx, /src/pages/jd-detail.tsx, /src/pages/profile.tsx, /src/pages/rbac.tsx, /src/pages/templates.tsx, /src/pages/template-editor.tsx, /src/pages/login.tsx, /src/pages/reset-password.tsx, /src/pages/workbench.tsx, /src/pages/verify-email.tsx, /src/components/app-nav.tsx, /src/components/theme-sync.tsx, /src/components/resume-library.tsx, /src/components/resume-editor.tsx and 15 more
3:55:29 PM [vite] (client) hmr update /src/index.css, /src/App.tsx, /src/pages/profile.tsx, /src/pages/login.tsx, /src/pages/reset-password.tsx, /src/pages/verify-email.tsx, /src/pages/resumes.tsx, /src/pages/resume-editor.tsx, /src/pages/resume-versions.tsx, /src/pages/jds.tsx, /src/pages/jd-detail.tsx, /src/pages/rbac.tsx, /src/pages/templates.tsx, /src/pages/template-editor.tsx, /src/pages/workbench.tsx, /src/components/app-nav.tsx, /src/components/theme-sync.tsx, /src/components/resume-library.tsx and 19 more
3:55:29 PM [vite] (client) hmr update /src/index.css, /src/App.tsx, /src/pages/profile.tsx, /src/pages/login.tsx, /src/pages/reset-password.tsx, /src/pages/verify-email.tsx, /src/pages/resumes.tsx, /src/pages/resume-editor.tsx, /src/pages/resume-versions.tsx, /src/pages/jds.tsx, /src/pages/jd-detail.tsx, /src/pages/rbac.tsx, /src/pages/templates.tsx, /src/pages/template-editor.tsx, /src/pages/workbench.tsx, /src/components/app-nav.tsx, /src/components/theme-sync.tsx, /src/components/resume-library.tsx and 19 more
3:55:29 PM [vite] (client) hmr update /src/index.css, /src/App.tsx, /src/pages/profile.tsx, /src/pages/login.tsx, /src/pages/reset-password.tsx, /src/pages/verify-email.tsx, /src/pages/resumes.tsx, /src/pages/resume-editor.tsx, /src/pages/resume-versions.tsx, /src/pages/jds.tsx, /src/pages/jd-detail.tsx, /src/pages/rbac.tsx, /src/pages/templates.tsx, /src/pages/template-editor.tsx, /src/pages/workbench.tsx, /src/components/app-nav.tsx, /src/components/theme-sync.tsx, /src/components/resume-library.tsx and 19 more
3:55:29 PM [vite] (client) hmr update /src/index.css, /src/App.tsx, /src/pages/profile.tsx, /src/pages/login.tsx, /src/pages/reset-password.tsx, /src/pages/verify-email.tsx, /src/pages/resumes.tsx, /src/pages/resume-editor.tsx, /src/pages/resume-versions.tsx, /src/pages/jds.tsx, /src/pages/jd-detail.tsx, /src/pages/rbac.tsx, /src/pages/templates.tsx, /src/pages/template-editor.tsx, /src/pages/workbench.tsx, /src/components/app-nav.tsx, /src/components/theme-sync.tsx, /src/components/resume-library.tsx and 19 more
3:55:29 PM [vite] (client) hmr update /src/index.css, /src/App.tsx, /src/pages/profile.tsx, /src/pages/login.tsx, /src/pages/reset-password.tsx, /src/pages/verify-email.tsx, /src/pages/resumes.tsx, /src/pages/resume-editor.tsx, /src/pages/resume-versions.tsx, /src/pages/jds.tsx, /src/pages/jd-detail.tsx, /src/pages/rbac.tsx, /src/pages/templates.tsx, /src/pages/template-editor.tsx, /src/pages/workbench.tsx, /src/components/app-nav.tsx, /src/components/theme-sync.tsx, /src/components/resume-library.tsx and 19 more
3:55:35 PM [vite] (client) hmr update /src/index.css, /src/App.tsx, /src/pages/profile.tsx, /src/pages/login.tsx, /src/pages/reset-password.tsx, /src/pages/verify-email.tsx, /src/pages/resumes.tsx, /src/pages/resume-editor.tsx, /src/pages/resume-versions.tsx, /src/pages/jds.tsx, /src/pages/jd-detail.tsx, /src/pages/rbac.tsx, /src/pages/templates.tsx, /src/pages/template-editor.tsx, /src/pages/workbench.tsx, /src/components/app-nav.tsx, /src/components/theme-sync.tsx, /src/components/resume-library.tsx and 19 more
3:55:35 PM [vite] (client) hmr update /src/index.css, /src/App.tsx, /src/pages/profile.tsx, /src/pages/login.tsx, /src/pages/reset-password.tsx, /src/pages/verify-email.tsx, /src/pages/resumes.tsx, /src/pages/resume-editor.tsx, /src/pages/resume-versions.tsx, /src/pages/jds.tsx, /src/pages/jd-detail.tsx, /src/pages/rbac.tsx, /src/pages/templates.tsx, /src/pages/template-editor.tsx, /src/pages/workbench.tsx, /src/components/app-nav.tsx, /src/components/theme-sync.tsx, /src/components/resume-library.tsx and 19 more
3:55:35 PM [vite] (client) hmr update /src/index.css, /src/App.tsx, /src/pages/profile.tsx, /src/pages/login.tsx, /src/pages/reset-password.tsx, /src/pages/verify-email.tsx, /src/pages/resumes.tsx, /src/pages/resume-editor.tsx, /src/pages/resume-versions.tsx, /src/pages/jds.tsx, /src/pages/jd-detail.tsx, /src/pages/rbac.tsx, /src/pages/templates.tsx, /src/pages/template-editor.tsx, /src/pages/workbench.tsx, /src/components/app-nav.tsx, /src/components/theme-sync.tsx, /src/components/resume-library.tsx and 19 more
3:55:35 PM [vite] (client) hmr update /src/index.css, /src/App.tsx, /src/pages/profile.tsx, /src/pages/login.tsx, /src/pages/reset-password.tsx, /src/pages/verify-email.tsx, /src/pages/resumes.tsx, /src/pages/resume-editor.tsx, /src/pages/resume-versions.tsx, /src/pages/jds.tsx, /src/pages/jd-detail.tsx, /src/pages/rbac.tsx, /src/pages/templates.tsx, /src/pages/template-editor.tsx, /src/pages/workbench.tsx, /src/components/app-nav.tsx, /src/components/theme-sync.tsx, /src/components/resume-library.tsx and 19 more
3:55:35 PM [vite] (client) hmr update /src/index.css, /src/App.tsx, /src/pages/profile.tsx, /src/pages/login.tsx, /src/pages/reset-password.tsx, /src/pages/verify-email.tsx, /src/pages/resumes.tsx, /src/pages/resume-editor.tsx, /src/pages/resume-versions.tsx, /src/pages/jds.tsx, /src/pages/jd-detail.tsx, /src/pages/rbac.tsx, /src/pages/templates.tsx, /src/pages/template-editor.tsx, /src/pages/workbench.tsx, /src/components/app-nav.tsx, /src/components/theme-sync.tsx, /src/components/resume-library.tsx and 19 more
3:56:03 PM [vite] (client) hmr update /src/index.css, /src/App.tsx, /src/pages/profile.tsx, /src/pages/login.tsx, /src/pages/reset-password.tsx, /src/pages/verify-email.tsx, /src/pages/resumes.tsx, /src/pages/resume-editor.tsx, /src/pages/resume-versions.tsx, /src/pages/jds.tsx, /src/pages/jd-detail.tsx, /src/pages/rbac.tsx, /src/pages/templates.tsx, /src/pages/template-editor.tsx, /src/pages/workbench.tsx, /src/components/app-nav.tsx, /src/components/theme-sync.tsx, /src/components/resume-library.tsx and 19 more
3:56:03 PM [vite] (client) hmr update /src/index.css, /src/App.tsx, /src/pages/profile.tsx, /src/pages/login.tsx, /src/pages/reset-password.tsx, /src/pages/verify-email.tsx, /src/pages/resumes.tsx, /src/pages/resume-editor.tsx, /src/pages/resume-versions.tsx, /src/pages/jds.tsx, /src/pages/jd-detail.tsx, /src/pages/rbac.tsx, /src/pages/templates.tsx, /src/pages/template-editor.tsx, /src/pages/workbench.tsx, /src/components/app-nav.tsx, /src/components/theme-sync.tsx, /src/components/resume-library.tsx and 19 more
3:56:03 PM [vite] (client) hmr update /src/index.css, /src/pages/settings.tsx
3:56:30 PM [vite] (client) hmr update /src/App.tsx, /src/index.css
3:56:30 PM [vite] (client) hmr update /src/App.tsx, /src/index.css
3:56:30 PM [vite] (client) hmr update /src/index.css, /src/components/app-nav.tsx
3:56:36 PM [vite] (client) hmr update /src/index.css, /src/components/access-panel.tsx
3:56:36 PM [vite] (client) hmr update /src/index.css, /src/components/access-panel.tsx
3:56:36 PM [vite] (client) hmr update /src/index.css, /src/components/access-panel.tsx
3:56:36 PM [vite] (client) hmr update /src/index.css, /src/pages/settings-access.tsx
3:56:36 PM [vite] (client) hmr update /src/index.css, /src/pages/settings-access.tsx
3:56:44 PM [vite] (client) hmr update /src/index.css, /src/components/resume-editor.tsx
3:57:07 PM [vite] (client) hmr update /src/index.css
3:57:53 PM [vite] (client) hmr update /src/index.css
4:01:29 PM [vite] (client) hmr update /src/index.css
4:01:29 PM [vite] (client) hmr update /src/index.css, /src/App.tsx, /src/pages/profile.tsx, /src/pages/login.tsx, /src/pages/reset-password.tsx, /src/pages/verify-email.tsx, /src/pages/resumes.tsx, /src/pages/resume-editor.tsx, /src/pages/resume-versions.tsx, /src/pages/jds.tsx, /src/pages/jd-detail.tsx, /src/pages/rbac.tsx, /src/pages/templates.tsx, /src/pages/template-editor.tsx, /src/pages/workbench.tsx, /src/components/app-nav.tsx, /src/components/theme-sync.tsx, /src/components/resume-library.tsx and 19 more
4:01:35 PM [vite] (client) hmr update /src/index.css, /src/App.tsx, /src/pages/profile.tsx, /src/pages/login.tsx, /src/pages/reset-password.tsx, /src/pages/verify-email.tsx, /src/pages/resumes.tsx, /src/pages/resume-editor.tsx, /src/pages/resume-versions.tsx, /src/pages/jds.tsx, /src/pages/jd-detail.tsx, /src/pages/rbac.tsx, /src/pages/templates.tsx, /src/pages/template-editor.tsx, /src/pages/workbench.tsx, /src/components/app-nav.tsx, /src/components/theme-sync.tsx, /src/components/resume-library.tsx and 19 more
4:01:36 PM [vite] (client) hmr update /src/index.css, /src/App.tsx, /src/pages/profile.tsx, /src/pages/login.tsx, /src/pages/reset-password.tsx, /src/pages/verify-email.tsx, /src/pages/resumes.tsx, /src/pages/resume-editor.tsx, /src/pages/resume-versions.tsx, /src/pages/jds.tsx, /src/pages/jd-detail.tsx, /src/pages/rbac.tsx, /src/pages/templates.tsx, /src/pages/template-editor.tsx, /src/pages/workbench.tsx, /src/components/app-nav.tsx, /src/components/theme-sync.tsx, /src/components/resume-library.tsx and 19 more
4:01:57 PM [vite] (client) hmr update /src/index.css, /src/App.tsx, /src/pages/profile.tsx, /src/pages/login.tsx, /src/pages/reset-password.tsx, /src/pages/verify-email.tsx, /src/pages/resumes.tsx, /src/pages/resume-editor.tsx, /src/pages/resume-versions.tsx, /src/pages/jds.tsx, /src/pages/jd-detail.tsx, /src/pages/rbac.tsx, /src/pages/templates.tsx, /src/pages/template-editor.tsx, /src/pages/workbench.tsx, /src/components/app-nav.tsx, /src/components/theme-sync.tsx, /src/components/resume-library.tsx and 19 more
4:05:13 PM [vite] (client) page reload prototypes/index.html
4:05:13 PM [vite] (client) page reload prototypes/index.html
4:05:13 PM [vite] (client) page reload prototypes/index.html
4:05:14 PM [vite] (client) page reload prototypes/index.html
4:05:16 PM [vite] (client) page reload prototypes/index.html
4:05:25 PM [vite] (client) page reload prototypes/index.html
4:05:25 PM [vite] (client) page reload prototypes/index.html
4:05:25 PM [vite] (client) page reload prototypes/index.html
4:05:40 PM [vite] (client) page reload prototypes/index.html
